id,strands,seq,seq_len,crmsd
e1af6A1,18,VDFHGYARSGIGWTGSGGEQQCFQTTGAQSKYRLGNECETYAELKLGQEVWKEGDKSFYFDTNVAYSVAQQNDWEATDPAFREANVQGKNLIEWLPGSTIWAGKRFYQRHDVHMIDFYYWDISGPGAGLENIDVGFGKLSLAATRSSEAGGSSSFASNNIYDYTNETANDVFDVRLAQMEINPGGTLELGVDYGRANLRDNYRLVDGASKDGWLFTAEHTQSVLKGFNKFVVQYATDSMTSQGKGLSQGSGVAFDNEKFAYNINNNGHMLRILDHGAISMGDNWDMMYVGMYQDINWDNDNGTKWWTVGIRPMYKWTPIMSTVMEIGYDNVESQRTGDKNNQYKITLAQQWQAGDSIWSRPAIRVFATYAKWDEKWGYDYTGNADNNANFGKAVPADFNGGSFGRGDSDEWTFGAQMEIWW,421,4.384219230553984
e1kmoA2,22,IPQDFGIEAGVEGQLSPTSSQNNPKETHNLMVGGTADNGFGTALLYSGTRGSDWREHSATRIDDLMLKSKYAPDEVHTFNSLLQYYDGEADMPGGLSRADYDADRWQSTRPYDRFWGRRKLASLGYQFQPDSQHKFNIQGFYTQTLRSGYLEQGKRITLSPRNYWVRGIEPRYSQIFMIGPSAHEVGVGYRYLNESTHEMRYYTATSSGQLPSGSSPYDRDTRSGTEAHAWYLDDKIDIGNWTITPGMRFEHIESYQNNAITGTHEEVSYNAPLPALNVLYHLTDSWNLYANTEGSFGTVQYSQIGKAVQSGNVEPEKARTWELGTRYDDGALTAEMGLFLINFNNQYDSNQTNDTVTARGKTRHTGLETQARYDLGTLTPTLDNVSIYASYAYVNAEIREKGDTYGNLVPFSPKHKGTLGVDYKPGNWTFNLNSDFQSSQFADNANTVKESADGSTGRIPGFMLWGARVAYDFGPQMADLNLAFGVKNIFDQDYFIRSYDDNNKGIYAGQPRTLYMQGSLKF,523,3.707464919540569
e1p4tA1,8,EGASGFYVQADAAHAKASSSLGSAKGFSPRISAGYRINDLRFAVDYTRYKNYKAPSTDFKLYSIGASAIYDFDTQSPVKPYLGARLSLNRASVDLGGSDSFSQTSIGLGVLTGVSYAVTPNVDLDAGYRYNYIGKVNTVKNVRSGELSAGVRVKF,155,0.282613215826572
e1prnA1,16,EISLNGYGRFGLQYVEDRGVGLEDTIISSRLRINIVGTTETDQGVTFGAKLRMQWDDGDAFAGTAGNAAQFWTSYNGVTVSVGNVDTAFDSVALTYDSEMGYEASSFGDAQSSFFAYNSKYDASGALDNYNGIAVTYSISGVNLYLSYVDPDQTVDSSLVTEEFGIAADWSNDMISLAAAYTTDAGGIVDNDIAFVGAAYKFNDAGTVGLNWYDNGLSTAGDQVTLYGNYAFGATTVRAYVSDIDRAGADTAYGIGADYQFAEGVKVSGSVQSGFANETVADVGVRFDF,289,0.49622527502441904
e1qd5A1,12,AVRGSIIANMLQEHDNPFTLYPYDTNYLIYTQTSDLNKEAIASYDWAENARKDEVKFQLSLAFPLWRGILGPNSVLGASYTQKSWWQLSNSEESSPFRETNYEPQLFLGFATDYRFAGWTLRDVEMGYNHDSNGRSDPTSRSWNRLYTRLMAENGNWLVEVKPWYVVGNTDDNPDITKYMGYYQLKIGYHLGDAVLSAKGQYNWNTGYGGAELGLSYPITKHVRLYTQVYSGYGESLIDYNFNQTRVGVGVMLNDLF,257,1.1290857223036979
e1qj8A1,8,ATSTVTGGYAQSDAQGQMNKMGGFNLKYRYEEDNSPLGVIGSFTYTEKSRTASSGDYNKNQYYGITAGPAYRINDWASIYGVVGVGYGKFQTTEYPTYKNDTSDYGFSYGAGLQFNPMENVALDFSYEQSRIRSVDVGTWIAGVGYRF,148,0.26277295782933385
e1qjpA1,8,APKDNTWYTGAKLGWSQHENKLGAGAFGGYQVNPYVGFEMGYDWLGRMPYAYKAQGVQLTAKLGYPITDDLDIYTRLGGMVWRADTYSNVYGKNHDTGVSPVFAGGVEYAITPEIATRLEYQWTNGMLSLGVSYRFG,137,4.410911209341632
e1t16A1,14,AGFQLNEFSSSGLGRAYSGEGAIADDAGNVSRNPALITMFDRPTFSAGAVYIDPDVNISGTSPSGRSLKADNIAPTAWVPNMHFVAPINDQFGWGASITSNYGLATEFNDTYAGGSVGGTTDLETMNLNLSGAYRLNNAWSFGLGFNAVYARAKIERFAGDLGQLVAGQIMQSPAGQTQQGQALAATANGIDSNTKIAHLNGNQWGFGWNAGILYELDKNNRYALTYRSEVKIDFKGNYSSDLNRAFNNYGLPIPTATGGATQSGYLTLNLPEMWEVSGYNRVDPQWAIHYSLAYTSWSQFQQLKATSTSGDTLFQKHEGFKDAYRIALGTTYYYDDNWTFRTGIAFDDSPVPAQNRSISIPDQDRFWLSAGTTYAFNKDASVDVGVSYMHGQSVKINEGPYQFESEGKAWLFGTNFNYAFHHHHHH,427,5.667985927273416
e1tlyA1,12,LSDWWHQSVNVVGSYHTRFGPQIRNDTYLEYEAFAKKDWFDFYGYADAPVPLFMEIEPRFSIDKLTNTDLSFGPFKEWYFANNYIYDMGRNKDGRQSTWYMGLGTDIDTGLPMSLSMNVYAKYQWQNYGAANENEWDGYRFKIKYFVPITDLWGGQLSYIGFTNFDWGSDLGDDSGNAINGIKTRTNNSIASSHILALNYDHWHYSVVARYWHDGGQWNDDAELNFGNGNFNVRSTGWGGYLVVGYNFHHH,251,2.7362260010173416
e1xkwA1,22,QREFAASTTLSAGRWDRYRAEVDVGGPLSASGNVRGRAVAAYEDRDYFYDVADQGTRLLYGVTEFDLSPDTLLTVGAQYQHIDSITNMAGVPMAKDGSNLGLSRDTYLDVDWDRFKWDTYRAFGSLEQQLGGGWKGKVSAEYQEADSRLRYAGSFGAIDPQTGDGGQLMGAAYKFKSIQRSLDANLNGPVRLFGLTHELLGGVTYAQGETRQDTARFLNLPNTPVNVYRWDPHGVPRPQIGQYTSPGTTTTTQKGLYALGRIKLAEPLTLVVGGRESWWDQDTPATRFKPGRQFTPYGGLIWDFARDWSWYVSYAEVYQPQADRQTWNSEPLSPVEGKTYETGIKGELADGRLNLSLAAFRIDLENNPQEDPDHPGPPNNPFYISGGKVRSQGFELEGTGYLTPYWSLSAGYTYTSTEYLKDSQNDSGTRYSTFTPRHLLRLWSNYDLPWQDRRWSVGGGLQAQSDYSVDYRGVSMRQGGYALVNMRLGYKIDEHWTAAVNVNNLFDRTYYQSLSNPNWNNRYGEPRSFNVSLRGAF,537,0.8862869535669041
e2ervA1,8,ADVSAAVGATGQSGMTYRLGLSWDWDKSWWQTSTGRLTGYWDAGYTYWEGGDEGAGKHSLSFAPVFVYEFAGDSIKPFIEAGIGVAAFSGTRVGDQNLGSSLNFEDRIGAGLKFANGQSVGVRAIHYSNAGLKQPNDGIESYSLFYKIPI,150,0.3524978972950581
e2f1vA1,8,EAGEFFMRAGSATVRPTEGAGGTLGSLGGFSVTNNTQLGLTFTYMATDNIGVELLAATPFRHKIGTRATGDIATVHHLPPTLMAQWYFGDASSKFRPYVGAGINYTTFFDNGFNDHGKEAGLSDLSLKDSWGAAGQVGVDYLINRDWLVNMSVWYMDIDTTANYKLGGAQQHDSVRLDPWVFMFSAGYRF,190,0.35086815873931165
e2fgrA1,16,SVTLFGIVDTNVAYVNKDAAGDSRYGLGTSGASTSRLGLRGTEDLGGGLKAGFWLEGEIFGDDGNASGFNFKRRSTVSLSGNFGEVRLGRDLVPTSQKLTSYDLFSATGIGPFMGFRNWAAGQGADDNGIRANNLISYYTPNFGGFNAGFGYAFDEKQTIGTADSVGRYIGGYVAYDNGPLSASLGLAQQKTAVGGLATDRDEITLGASYNFGVAKLSGLLQQTKFKRDIGGDIKTNSYMLGASAPVGGVGEVKLQYALYDQKAIDSKAHQITLGYVHNLSKRTALYGNLAFLKNKDASTLGLQAKGVYAGGVQAGESQTGVQVGIRHAF,330,1.0865254978714967
e2gskA1,22,DEPGTEISAGWGSNSYQNYDVSTQQQLGDKTRVTLLGDYAHTHGYDVVAYGNTGTQAQTDNDGFLSKTLYGALEHNFTDAWSGFVRGYGYDNRTNYDAYYSPGSPLLDTRKLYSQSWDAGLRYNGELIKSQLITSYSHSKDYNYDPHYGRYDSSATLDEMKQYTVQWANNVIVGHGSIGAGVDWQKQTTTPGTGYVEDGYDQRNTGIYLTGLQQVGDFTFEGAARSDDNSQFGRHGTWQTSAGWEFIEGYRFIASYGTSYKAPNLGQLYGFYGNPNLDPEKSKQWEGAFEGLTAGVNWRISGYRNDVSDLIDYDDHTLKYYNEGKARIKGVEATANFDTGPLTHTVSYDYVDARNAITDTPLLRRAKQQVKYQLDWQLYDFDWGITYQYLGTRYDKDYSSYPYQTVKMGGVSLWDLAVAYPVTSHLTVRGKIANLFDKDYETVYGYQTAGREYTLSGSYTF,461,0.2731176457575252
e2hdiA1,22,IGQKWSGTVTVDTTIQEHRDRGDTYNGQFFTSGPLIDGVLGMKAYGSLAKREKDDPQNSTTTDTGETPRIEGFSSRDGNVEFAWTPNQNHDFTAGYGFDRQDRDSDSLDKNRLERQNYSVSHNGRWDYGTSELKYYGEKVENKNPGNSSPITSESNTVDGKYTLPLTAINQFLTVGGEMRHDKMSDAVNLTGGTSSKTSASQYALFVEDEWRIFEPLALTTGVRMDDHETYGEHWSPRAYLVYNATDTVTVKGGWATAFKAPSLLQLSPDWTSNSCRGACKIVGSPDLKPETSESWELGLYYMGEEGWLEGVESSVTVFRNDVKDRISISRTSDVNAAPGYQNFVGFETGANGRRIPVFSYYNVNKARIQGVETELKIPFNDEWKLSINYTYNDGRDVSNGENKPLSDLPFHTANGTLDWKPLALEDWSMYMSGHYTGQKRADSATAKTPGGYTIWNTGAAWQVTKDVKLRAGVLNLGDKDLSRDDYSYNEDGRRYFMAVDYRF,504,9.536497274472495
e2iahA3,22,THEFKGHVELGAGSWDNYRSELDVSGPLTESGNVRGRAVAAYQDKHSFMDHYERKTSVYYGILEFDLNPDTMLTVGADYQDNDPKGSGWSGSFPLFDSQGNRNDVSRSFNNGAKWSSWEQYTRTVFANLEHNFANGWVGKVQLDHKINGYHAPLGAIMGDWPAPDNSAKIVAQKYTGETKSNSLDIYLTGPFQFLGREHELVVGTSASFSHWEGKSYWNLRNYDNTTDDFINWDGDIGKPDWGTPSQYIDDKTRQLGSYMTARFNVTDDLNLFLGGRVVDYRVTGLNPTIRESGRFIPYVGAVYDLNDTYSVYASYTDIFMPQDSWYRDSSNKLLEPDEGQNYEIGIKGEYLDGRLNTSLAYFEIHEENRAEEDALYNSKPTNPAITYAYKGIKAKTKGYEAEISGELAPGWQVQAGYTHKIIRDDSGKKVSTWEPQDQLSLYTSYKFKGALDKLTVGGGARWQGKSWQMVYNNPRSRWEKFSQEDYWLVDLMARYQITDKLSASVNVNNVFDKTYYTNIGFYTSASYGDPRNLMFSTRWDF,542,0.5691408141610519
e2lhfA1,8,ADNFVGLTWGETSNNIQKSKSLNRNLNSPNLDKVIDNTGTWGIRAGQQFEQGRYYATYENISDTSSGNKLRQQNLLGSYDAFLPIGDNNTKLFGGATLGLVKLEQDGKGFKRDSDVGYAAGLQAGILQELSKNASIEGGYRYLRTNASTEMTPHGGNKLGSLDLHSSSQFYLGANYKF,178,1.2114207131712194
e2mafA1,8,GRGPYVQADLAYAYEHITHDYPEPTAPNKNKISTVSDYFRNIRTRSVHPRVSVGYDFGGWRIAADYARYRKWNNNKYSVNIENVRIRKENGIRIDRKTENQENGTFHAVSSLGLSAIYDFQINDKFKPYIGARVAYGHVRHSIDSTKKTIEVTTVPSNAPNGAVTTYNTDPKTQNDYQSNSIRRVGLGVIAGVGFDITPKLTLDAGYRYHNWGRLENTRFKTHEASLGVRYRF,233,2.7624700401449935
e2porA1,16,EVKLSGDARMGVMYNGDDWNFSSRSRVLFTMSGTTDSGLEFGASFKAHESVGAETGEDGTVFLSGAFGKIEMGDALGASEALFGDLYEVGYTDLDDRGGNDIPYLTGDERLTAEDNPVLLYTYSAGAFSVAASMSDGKVGETSEDDAQEMAVAAAYTFGNYTVGLGYEKIDSPDTALMADMEQLELAAIAKFGATNVKAYYADGELDRDFARAVFDLTPVAAAATAVDHKAYGLSVDSTFGATTVGGYVQVLDIDTIDDVTYYGLGASYDLGGGASIVGGIADNDLPNSDMVADLGVKFKF,301,0.9635355609972744
e2vdfA1,10,ANEFTVHTDLSSISSTRAFLKEKHKAAKHIGVRADIPFDANQGIRLEAGFGRSKKNIINLETDENKLGKTKNVKLPTGVPENRIDLYTGYTYTQTLSDSLNFRVGAGLGFESSKDSILHSSRQSWLAKVHADLLSQLGNGWYINPWSEVKFDLNSRYKLNTDINQKTNGWGFGLGANIGKKLGASIEAGPFYKQRTYKESGEFSVSLTIPKTSIREYGLRVGIKF,225,1.70573472360497
e2wjrA1,12,ALDVRGGYRSGSHAYETRLKVSEGWQNGWWASMESNTWNTIHDNKKENAALNDVQVEVNYAIKLDDQWTVRPGMLTHFSSNGTRYGPYVKLSWDATKDLNFGIRYRYDWKAYRQQDLSGDMSRDNVHRWDGYVTYHINSDFTFAWQTTLYSKQNDYRYANHKKWATENAFVLQYHMTPDITPYIEYDYLDRQGVYNGRDNLSENSYRIGVSFKL,214,1.4239459578794005
e2x55A1,10,QLIPNISPDSFTVAASTGMLSGKSHEMLYDAETGRKISQLDWKIKNVAILKGDISWDPYSFLTLNARGWTSLASGSGNMDDYDWMNENQSEWTDHSSHPATNVNHANEYDLNVKGWLLQDENYKAGITAGYQETRFSWTATGGSYSYNNGAYTGNFPKGVRVIGYNQRFSMPYIGLAGQYRINDFELNALFKFSDWVRAHDNDEHYMRDLTFREKTSGSRYYGTVINAGYYVTPNAKVFAEFTYSKYDEGKGGTQTIDKNSGDSVSIGGDAAGISNKNYTVTAGLQYRFG,290,2.152866376965277
e2ynkA1,18,AGLVVNDNDLRNDLAWLSDRGVIHLSLSTWPLSQEEIARALKKAKPSYSSEQVVLARINQRLSALKADFRVTGYTSTDQPGTPQGFGQTQPADNSLGLAFNNSGEWWDVHLQGNVEGGERISNGSRFNANGAYGAVKFWNQWLSFGQVPQWWGPGYEGSLIRGDAMRPMTGFLMQRAEQAAPETWWLRWVGPWQYQISASQMNQYNAVPHAKIIGGRFTFSPIQSLELGASRIMQWGGKGRPESLSNFWDGLTGKDNTAANDPNEPGNQLAGFDFKFKLEPTLGWPVSFYGQMIGEDESGFLPSANMFLGGIEGHHGWGKDAVNWYLEAHDTRTNMSRTNYSYTHHIYKDGYYQQGYPLGDAMGGDGQLVAGKVELITEDNQRWSTRLVYAKVNPENQSINKAFPHADTLKGIQLGWSGDVYQSVRLNTSLWYTNANNSDSDDVGASAGIEIPFSL,456,2.4135181676830975
e3aehA1,12,ARNDGQGKAAATFMHISYNNFITEVDNLNKRMGDLRDINGEAGTWVRLLNGSGSADGGFTDHYTLLQMGADRKHELGSMDLFTGVMATYTDTDASADLYSGKTKSWGGGFYASGLFRSGAYFDVIAKYIHNENKYDLNFAGAGKQNFRSHSLYAGAEVGYRYHLTDTTFVEPQAELVWGRLQGQTFNWNDSGMDVSMRRNSVNPLVGRTGVVSGKTFSGKDWSLTARAGLHYEFDLTDSADVHLKDAAGEHQINGRKDSRMLYGVGLNARFGDNTRLGLEVERSAFGKYNTDDAINANIRYSF,303,1.413222772948613
e3bryA1,14,VFNLEGFGPVSRAMGGTGAAFDIGPAAMMENPATLGLMGEGRHFSLGLDVVSTDIKVTNTATGETASSGNHGNNNGPYFAPQTAFVYRQGRYAFGAGIFAEGGLGTQYGGSSFLSRTSNGVDTGLDQFSRLLVLRVPFSAAYHVTDKLTVGASVDAVWTSLNLGTLLDVSQIGTLAGQGRVSGTLVPTLLGVPGLSGGYIDFSRNAPVGGGVQAWGIGGRLGLTYQVTPDTRIGAAYQAKTHVGDLTGQATLSAVSSVAGNIPLKGDVTVRNFQMPAQLTVGISHQFNDQLSVSADYQRVFWSSVMKDMNVGFVQSGSAANLDLSLPQNYRDISVFGIGAEYRYNAKWTFRGGFHYAQEAIPGNMLLAVVPATPTTSLTGGVSYAIGKNDVIDFALSVALRKTLDNASQPNTAVPISVTHSQVNAVIAYQKRF,433,3.972805152686806
e3bs0A1,14,DLEGYGAISRAMGGTSSSYYTGNAALISNPATLSFAPDGNQFELGLDVVTTDIKVHDSHGAEAKSSTRSNNRGPYVGPQLSYVAQLDDWRFGAGLFVSSGLGTEYGSKSFLSQTENGIQTSFDNSSRLIVLRAPIGFSYQATSKLTFGASVDLVWTSLNLELLLPSSQVGALTAQGNLSGGLVPSLAGFVGTGGAAHFSLSRNSTAGGAVDAVGWGGRLGLTYKLTDNTVLGAMYNFKTSVGDLEGKATLSAISGDGAVLPLDGDIRVKNFEMPASLTLGLAHQFNERWVVAADIKRAYWGDVMDSMNVAFISQLGGIDVALPHRYQDITVASIGTAYKYNNDLTLRAGYSYAQQALDSELILPVIPAYLKRHVTFGGEYDFDKDSRINLAISFGLRERVQTPSYLAGTEMLRQSHSQINAVVSYSKNF,429,2.9185006466930288
e3cslA1,22,ASDFLAPGKELGGKLHASTGDNGTHFIGSGILALGNETGDILLAASERHLGDYWPGNKGDIGNIRINNDTGNYDRYAESIKNNKIPDTHYRMHSRLAKVGWNLPANQRLQLSYLQTQTASPIAGTLTNLGTRPPYELGWKRTGYTDVMARNAAFDYSLAPEDVDWLDFQAKLYYVDTQDDSDTYSTSSLLDNGYATRTRLRTYGAQAQNTSRFSLAPGHDFRANYGLEFYYDKATSDSSRQGMEGVTPAGNRSVASLFANLTYDYDGWLTLEGGLRYDRYRLRGQTGLSYPDLAKDGQRYTIDNPCKALRLTGCSTTTREDWDVDRDQGKLSPTLAVAVRPGVEWLELYTTYGKSWRPPAITETLTNGSAHSSSTQYPNPFLQPERSRAWEVGFNVQQPDLWFEGDRLVAKVAYFDTKVDNYINLAIDRNKPGLVQPSIGNAAYVNNLSKTRFRGLEYQLNYDAGVFYADLTYTHMIGKNEFCSNKAWLGGRLRYGDGSRRGNFYVEPDAASNDFVTCDGGTQFGSAAYLPGDRGSVTLGGRAFDRKLDAGVTVRFAPGYQDSSVPSNYPYLADWPKYTLFDLYASYKLTDSLTLRGSVENLTNRAYVVSYGETLANTLGRGRTVQGGVEYRF,633,6.51793228167369
e3dzmA1,8,HAAKFSVEAGAGFYGGFGGQLAVVAEDLAPGLPLGVRLGVGFATSDALDDGYDLGGGTTWGDVKEAGKFSEWGQNVTLSLDVLYKPSGLGLPVEVAPYFGVRYNFFSGGYTDPEDNLTIKAQTISSNQLGLGLGVRAAYPLMPNLSLVGDLGVDYYFQACFTRVEEDDSGNKSQSSVCPGDSGYEDVNKFVTQPEWVLKLRLGAAYRF,208,1.3714484344131908
e3efmA1,22,LREFAATFNASVGSWDYVRGDADISVPITEDGRIRSRLVAAYSQGDSYVHFLDTRRRTFYGVVSADLTPDTVLTTSVEYQHNHSNGPWARQDTEATTYFVDLTHRFTNDWKLRAAYSHTDGRYLMKHVYRGGYPDRHTGIIAAPPAFSNYDGNLDRDDIHFSLSAPFEAFGLRHEVALGWMSIDNHSDIQRYAMTLSPADDVRTKQTGAYLVGRFALAEPLHLIVGDRWSDWKTKQMYFGSRREYRIKNQFTPYAGLTYDINDTYTAYASYTEIFQPQNARDTSGGILPPIKSKSYELGLKAAYLEGRLNTSAALFQTRQDNLAQVIPGSSIPGFPNMQASRAASGAKVEGIDLEASGQILPDWNIGASYTHFTTKDASGNPINTNHPRSLFKLYTTYRLPGALHRLTVGGGVDWQSRMYQAAASPRGNVEVEQDSYALVSLMARFDFNKKLSATLNVNNLRNVMLNLRAQY,472,10.4925640100903
e3fhhA2,22,DAKDLLQEGQSSGFRVFGTGGTGDHSLGLGASAFGRTENLDGIVAWSSRDRGDLRQSNGETAPNDESINNMLAKGTWQIDSAQSLSGLVRYYNNDAREPKNPQTVEASESSNPMVDRSTIQRDAQLSYKLAPQGNDWLNADAKIYWSEVRINAQNTGSSGEYREQITKGARLENRSTLFADSFASHLLTYGGEYYRQEQGSHHHHHHHPGGATTGFPQAKIDFSSGWLQDEITLRDLPITLLGGTRYDSYRGSSDGYKDVDADKWSSRAGMTINPTNWLMLFGSYAQAFRAPTMGEMYNDSKHFSIGRFYTNYWVPNPNLRPETNETQEYGFGLRFDDLMLSNDALEFKASYFDTKAKDYISTTVDFAAATTMSYNVPNAKIWGWDVMTKYTTDLFSLDVAYNRTRGKDTDTGEYISSINPDTVTSTLNIPIAHSGFSVGWVGTFADRSTHISSSYSKQPGYGVNDFYVSYQGQQALKGMTTTLVLGNAFDKEYWSPQGIPQDGRNGKIFVSYQW,515,1.3762493969476857
e3fidA1,12,SSLAISVANDDAGIFQPSLNALYGHPAADRGDYTAGLFLGYSHDLTDASQLSFHIAQDIYSPSGANKRKPEAVKGDRAFSAFLHTGLEWNSLATNWLRYRLGTDIGVIGPDAGGQEVQNRAHRIIGAEKYPAWQDQIENRYGYTAKGMVSLTPAIDILGVNVGFYPEVSAVGGNLFQYLGYGATVALGNDKTFNSDNGFGLLSRRGLIHTQKEGLIYKVFAGVERREVDKNYTLQGKTLQTKMETVDINKTVDEYRVGATIGYSPVAFSLSLNKVTSEFRTGDDYSYINGDITFFF,296,0.5128117923450184
e3fipA1,24,LMLDYNLNGTVSRNYQGGDSHQFSYNGTVGGNLGPWRLRADYQGSQEQSRYNGEKTTNRNFTWSRFYLFRAIPRWRANLTLGENNINSDIFRSWSYTGASLESDDYLTRPGQVRYKLVSGRSRGYGHETEGPVFATGEASWGLSNQWSLYGGAVLAGDYNALAAGAGWDLGVPGTLSADITQSVARIEGERTFQGKSWRLSYSKRFDNADADITFAGYRFSERNYMTMEQYLNARYRNDYSSREKEMYTVTLNKNVADWNTSFNLQYSRQTYWDIRKTDYYTVSVNRYFNVFGLQGVAVGLSASRSKYLGRDNDSAYLRISVPLGTGTASYSGSMSNDRYVNMAGYTDTFNDGLDSYSLNAGLNSGGGLTSQRQINAYYSHRSPLANLSANIASLQKGYTSFGVSASGGATIT,413,11.690119319946875
e3gp6A1,8,MNADEWMTTFRENIAQTWQQPEHYDLYIPAITWHARFAYDKEKTDRYNERPWGGGFGLSRWDEKGNWHGLYAMAFKDSWNKWEPIAGYGWESTWRPLADENFHLGLGFTAGVTARDNWNYIPLPVLLPLASVGYGPVTFQMTYIPGTYNNGNVYFAWMRFQFL,163,1.2268397084848754
e3kvnA1,12,APWELTLLPEMAHGTLRAYQDELRSQWQADWENWQNVGQWRGFVGGGGQRLDFDSQDSAASGDGNGYNLTLGGSYRIDEAWRAGVAAGFYRQKLEAGAKDSDYRMNSYMASAFVQYQENRWWADAALTGGYLDYDDLKRKFALGGGERSEKGDTNGHLWAFSARLGYDIAQQADSPWHLSPFVSADYARVEVDGYSEKGASATALDYDDQKRSSKRLGAGLQGKYAFGSDTQLFAEYAHEREYEDDTQDLTMSLNSLPGNRFTLEGYTPQDHLNRVSLGFSQKLAPELSLRGGYNWRKGEDDTQQSVSLALSLDF,315,0.56857057794801
e3ohnA1,24,LLNYNFSGNSVQNRIGGNSHYAYLNLQSGLNIGAWRLRDNTTWSYNSSDRSSGSKNKWQHINTWLERDIIPLRSRLTLGDGYTQGDIFDGINFRGAQLASDDLLQREGHTRYSITAGEYRSGNAQQEKPRFFQSTLLHGLPAGWTIYGGTQLADRYRAFNFGIGKNMGALGALSVDMTQANSTLPDDSQHDGQSVRFLYNKSLNESGTNIQLVGYRYSTSGYFNFADTTYSRYNLAYNKRGKLQLTVTQQLGRTSTLYLSGSHQTYWGTSNVDEQFQAGLNTAFEDINWTLSYSLTKNAWQKGRDQMLALNVNIPFSHWLRSDSKSQWRHASASYSMSHDLNGRMTNLAGVYGTLLEDNNLSYSVQTGYAGGGDGNSGSTGYATLNYRGGYGNANIGYSHSDDIKQLYYGVSGGV,415,1.3024908021969372
e3qlbA1,22,LDKPFHEVQIQGGSFDRAQGQFDFSGPLDDEGQFLYRLVGLERDSGTQFDHIKDDKQYFAPSFTWKPNDDTSLTLLADYTQDTFGAPRVFLPAQGTLLGNPNGKVRHNVFLDEPGLDNDRTQYSLGYLLEHRLNDVWSLNSSARYGHVNLLTNTASGMSLAPDLRTLNRAAYRFRIVGDTYSLDNNAQARWNLGSTQMVSLLGIDYRRTREDYYLRGGSASPIDIYNPVHHHHHHGGVFDPSTPFTNTVQRADQVGVYAQQQFTFDEHWVLTVGGRQDRSSARTDNRMNDSGSKQDDEKFTYRTGLVYLADNGLAPYISYSTSFDPVLGTNFYGTPYKPTSAKQSEVGVKYQPPGIDSYITLSLFDLTQENVLTTDPAQRLNKIQTGEINVRGIELEGKASLARGLDLLAALTYNDAEVSKSNNPLEKGKRPTDTPEKMASLWADYTLPEGPLSGLGFGAGVRYIGSTEADAANTQRVPSYTLLDAAVHYDFDKLIPAAKGLRLAVNATNLTDKHYYEGCSLTNCSAGYDRSVIASLRYRW,541,4.378803327390075
e3qq2A1,12,DAGGPWARTFSERQQISNRHARAYDQTVSGLEIGLDRGWSASGGRWYAGGLLGYTYADRTYPGDGGGKVKGLHVGGYAAYVGDGGYYLDTVLRLGRYDQQYNIAGTDGGRVTADYRTSGAAWSLEGGRRFELPNDWFAEPQAEVMLWRTSGKRYRASNGLRVKVDANTATLGRLGLRFGRRIALAGGNIVQPYARLGWTQEFKSTGDVRTNGIGHAGAGRHGRVELGAGVDAALGKGHNLYASYEYAAGDRINIPWSFHAGYRYSF,266,0.8856496688378802
e3qraA1,8,MEGESSISIGYAQSRVKEDGYKLDKNPRGFNLKYRYEFNNDWGVIGSFAQTRRGFEESVDGFKLIDGDFKYYSVTAGPVFRINEYVSLYGLLGAGHGKAKFSSIFGQSESRSKTSLAYGAGLQFNPHPNFVIDASYEYSKLDDVKVGTWMLGAGYRF,157,0.3444957231844275
e3sy7A2,18,DAFVSDQAEAKGFIEDSSLDLLLRNYYFNRDGKSGSGDRVDWTQGFLTTYESGFTQGTVGFGVDAFGYLGLKLDGTSDKTGTGNLPVMNDGKPRDDYSRAGGAVKVRISKTMLKWGEMQPTAPVFAAGGSRLFPQTATGVQLQSSEFEGLDLEAGHFTEGKEPTTVKSRGELYATYAGETAKSADFIGGRYAITDNLSASLYGAELEDIYRQYYLNSNYTIPLASDQSLGFDFNIYRTNDEGKAKAGDISNTTWSLAAAYTLDAHTFTLAYQKVHGDQPFDYIGFGRNGSGAGGDSIFLANSVQYSDFNGPGEKSWQARYDLNLASYGVPGLTFMVRYINGKDIDGTKMSDNNVGYKNYGYGEDGKHHETNLEAKYVVQSGPAKDLSFRIRQAWHRANADQGEGDQNEFRLIVDYPLSIL,420,0.5650260282353118
e3sy9A2,18,EGFIEGSSLQLLTRNYYFNHDRRHASGHDSKEWAQGFIATFQSGYTPGVVGFGVDAYGMLGLKLYESGKAPDEFSSGGAALKIRAFDTELKLGDQFLSNPVVAGGESRMLPQTFRGVSLTNNSFEDLTLTAGQVSFTKYYNQSGHRRLGSYYGELPGDRDSHHLSWLGGTWGGIEGFTSSLYAAELQNVWKQYYADVDYTYEIDDNWSLNPGAHYYKTVDSGDSLLGRIDNNTYSLHFAVGYRQHTVTAVLQKVNGNTPFDYINQGDSIFLDNSQQYSDFNGPNEKSWKLQYDYDFVALGVPGLSASASYSRGKLDLTRVDPDSPGYGGWYSADGKNAKHWERDLDLQYVVQGGPAKDLSLRLRWATHRGTGGYSAVDNDIDEYRVIVDYPIDVF,395,0.48813709948015915
e3sybA2,18,PAPDNPSYAAEVQSIPSVAKPIKGQAGATGLVEGQSLTLTTRNFYSRENQRNAWVQGTVLKYSSGYTQGTVGFGFDVAAFNEIALGEWSKLGVANIRLRASNTEFKAGRFLVNTPVFSYIDNRALPSSFTGFAVTSEELDNLSLQAGSFRKVSPRTGSGDEDMTTEYGTRQVKGDRLNYLGGNYKPLDGLEISLYGSHFQDVWNQYYLGVTHDIGDLENGIALRTAFNGYHTGDTGAREAGYIDNDTWSLAFTLGHRAHALTLAYQQVDGNEYFDYVHETSAIFLANSMLADYNSPNEKSAQIRYETDWSYYGVPGLSTGVWYVKGWDIDGTHYDGDRNGAYGNYAEVRAQDGEKHHELGLMAAYKVQNGPIKDSTFKLTYMMHKASQNQIDGSVNELRLVSTFPFNLL,409,2.837536955755584
e3sysA1,18,GFLEDAKTDLVLRNYYFNRDFRDHDAGKSLVDEWAQGFILKFSSGYTPGTVGVGLDAIGLFGVKLNSGRGTSNSELLPLHDDGRAADNYGRVGVAAKLRVSASELKIGEMLPDIPLLRYDDGRLLPQTFRGFAVVSRELPGLALQAGRFDAVSLRNSADMQDLSAWSAPTQKSDGFNYAGAEYRFNRERTQLGLWHGQLEDVYRQSYANLLHKQRVGDWTLGANLGLFVDRDDGAARAGEIDSHTVYGLFSAGIGLHTFYLGLQKVGGDSGWQSVYGSSGRSMGNDMFNGNFTNADERSWQVRYDYDFVGLGWPGLIGMVRYGHGSNATTKAGSGGKEWERDVELGYTVQSGPLARLNVRLNHASNRRSFNSDFDQTRLVVSYPLSW,387,0.31226198397827487
e3szvA1,18,DLVEDSHASLELRNFYFNRDFRQSGARDNADEWAQGFLLRLESGFSEGTVGFGVDAIGLLGFKLDSQDDYAKLGLTAKARVSNSLLKVGALHFKSPLVSANDTRLLPELFRGALLDVQEIDGLTLRGAHLDRNKLNSSSDYQVFSANRIGGRSDAFDFAGGDYRLTPALTASLHQGRLKDIYRQTFAGLVHTLDLGGQRSLKSDLRFARASEDGGFRELDNRAFGALFSLRLGAHAVAAGYQRISGDDPYPYIAGSDPYLVNFIQIGDFGNVDERSWQLRYDYDFGALGLPGLSFMSRYVSGDNVARGAANDGKEWERNTDLGYVVQSGPLKNLGVKWRNATVRSNFANDLDENRLILSYSLALW,365,1.2309044479010762
e3t0sA1,18,LADSSAHLDLRNFYQLRDYRQHDAPQSQAGNWSQGFVLRLQSGFTGGPLGFGLDATGLLGVKLDSGRGRSNDGTLPFGANSKEPVDDYSHLGLTAKLRYSQTQLQVGILMPQLPVAFRDDVRLLPQTFDGALLTSSEIEGLTLTAGQLWKSRTRESAGSDDMYIMGRDKAHASDEFNLAGATYAFTPRLSASYYYGQLKDIYRQHYLGLLHTLPLGEGLSLRSDLRYFDSGEDGAAISGPVDNRNLNAMLTLRAGAHAFGIGVQKMIGNDAFPVLNGYTTPYVANLMAYQTFTRPQEKSWQLRYDYDFAGLGLPGLNLMTRYVQGRDIDRGAGRADDSEWERNTDLSYVIQSGPLKSVALKWRNITYRSRYGADLDENRFIVNYTLKLW,389,1.3334164761664375
e3v8xA1,22,DVIGEGRQWGIQSKTAYSGKNRGLTQSIALAGRIGGAEALLIHTGRRAGEIRAHEDAGRGVQSFNRLVPVEDSSNYAYFIVKEECKNGSYETCKANPKKDVVGKDERQTVSTRDYTGPNRFLADPLSYESRSWLFRPGFRFENKRHYIGGILEHTQQTFDTRDMTVPAFLTKAVFDANKKQAGSLPGNGKYAGNHKYGGLFTNGENGALVGAEYGTGVFYDETHTKSRYGLEYVYTNADKDTWADYARLSYDRQGVGLDNHFQQTHCSADGSDKYCRPSADKPFSYYKSDRVIYGESHRLLQAAFKKSFDTAKIRHNLSVNLGFDRFGSNLRHQDYYYQHANRAYSSNTPPQNNGKKISPNGSETSPYWVTIGRGNVVTGQICRLGNNTYTDCTPRSINGKSYYAAVRDNVRLGRWADVGAGLRYDYRSTHSDDGSVSTGTHRTLSWNAGIVLKPTDWLDLTYRTSTGFRLPSFAEMYGWRAGVQSKAVKIDPEKSFNKEAGIVFKGDFGNLEASWFNNAYRDLIVRGYEAQIKDGKEEAKGDPAYLNAQSARITGINILGKIDWNGVWDKLPEGWYSTFAYNRVRVRDIKKRADRTDIQSHLFDAIQPSRYVVGLGYDQPEGKWGVNGMLTYSKAKEITELLGSRALLNGNSRNTKATARRTRPWYIVDVSGYYTVKKHFTLRAGVYNLLNYRYVTWENVRQTAGGAVNQHKNVGVYNRYAAPGRNYTFSLEYKF,736,3.902158111961493
e4afkA1,18,EAPKNFGLDVKITGESENDRDLGTAPGGTLNDIGIDLRPWAFGQWGDWSAYFMGQAVAATDTIETDTLQSDTDDGNNSRNDGREPDKSYLAAREFWVDYAGLTAYPGEHLRFGRQRLREDSGQWQDTNIEALNWSFETTLLNAHAGVAQRFSEYRTDLDELAPEDKDRTHVFGDISTQWAPHHRIGVRIHHADDSGHLRRPGEEVDNLDKTYTGQLTWLGIEATGDAYNYRSSMPLNYWASATWLTGDRDNLTTTTVDDRRIATGKQSGDVNAFGVDLGLRWNIDEQWKAGVGYARGSGGGKDGEEQFQQTGLESNRSNFTGTRSRVHRFGEAFRGELSNLQAATLFGSWQLREDYDASLVYHKFWRVDDDSDIGTSGINAALQPGEKDIGQELDLVVTKYFKQGLLPASMSQYVDEPSALIRFRGGLFKPGDAYGPGTDSTMHRAFVDFIWRF,454,2.0750990669018834
e4aipA1,22,LLKGLDKNWGVRLNSGFASNNGVSYGASVFGKEGNFDGLFSYNRNDEKDYEAGKGFRNVNGGKTVPYSALDKRSYLAKIGTTFGDDDHRIVLSHMKDQHRGIRTVREEFTVGDKSSRINIDRQAPAYRETTQSNTNLAYTGKNLGFVEKLDANAYVLEKERYSADDSGTGYAGNVKGPNHTRITTRGANFNFDSRLAEQTLLKYGINYRHQEIKPQAFLNSKFSIPTTEEKNGQKVDKPMEQQMKDRADEDTVHAYKLSNPTKTDTGVYIEAIHDIGDFTLTGGLRYDRFKVKTHDGKTVSSSNLNPSFGVIWQPHEHWSFSASHNYASRSPRLYDALQTHGKRGIISIADGTKAERARNTEIGFNYNDGTFAANGSYFWQTIKDALANPQNRHDSVAVREAVNAGYIKNHGYELGASYRTGGLTAKVGVSHSKPRFYDTHKDKLLSANPEFGAQVGRTWTASLAYRFQNPNLEIGWRGRYVQKATGSILAAGQKDRKGNLENVVRKGFGVNDVFANWKPLGKDTLNVNLSVNNVFNKFYYPHSQRWTNTLPGVGRDVRLGVNYKF,566,2.04142556869922
e4c00A4,16,TENTIETGVGYSTDVGPRVKATWKKPWMNSYGHSLTTSTSISAPEQTLDFSYKMPLLKNPLEQYYLVQGGFKRTDLNDTESDSTTLVASRYWDLSSGWQRAINLRWSLDHFTQGEITNTTMLFYPGVMISRTRSRGGLMPTWGDSQRYSIDYSNTAWGSDVDFSVFQAQNVWIRTLYDRHRFVTRGTLGWIETGDFDKVPPDLRFFAGGDRSIRGYKYKSIAPKYANGDLKGASKLITGSLEYQYNVTGKWWGAVFVDSGEAVSDIRRSDFKTGTGVGVRWESPVGPIKLDFAVPVADKDEHGLQFYIGLGPEL,314,0.8716915565108725
e4cu4A2,22,TTEPLKEVQFKAGTDSLFQTGFDFSDSLDDDGVYSYRLTGLARSANAQQKGSEEQRYAIAPAFTWRPDDKTNFTFLSYFQNEPETGYYGWLPKEGTVEPLPNGKRLPTDFNEGAKNNTYSRNEKMVGYSFDHEFNDTFTVRQNLRFAENKTSQNSVYGYGVCSDPANAYSKQCAALAPADKGHYLARKYVVDDEKLQNFSVDTQLQSKFATGDIDHTLLTGVDFMRMRNDINAWFGYDDSVPLLNLYNPVNTDFDFNAKDPANSGPYRILNKQKQTGVYVQDQAQWDKVLVTLGGRYDWADQESLNRVAGTTDKRDDKQFTWRGGVNYLFDNGVTPYFSYSESFEPSSQVGKDGNIFAPSKGKQYEVGVKYVPEDRPIVVTGAVYNLTKTNNLMADPEGSFFSVEGGEIRARGVEIEAKAALSASVNVVGSYTYTDAEYTTDTTYKGNTPAQVPKHMASLWADYTFFDGPLSGLTLGTGGRYTGSSYGDPANSFKVGSYTVVDALVRYDLARVGMAGSNVALHVNNLFDREYVASCFNTYGCFWGAERQVVATATFRF,558,2.7435282229883056
e4d5bA1,14,AFDESFFSFGGHVGTSVEYEDKVTRGFNNTDKKEKTITNEVFNFFYNNPQWNFMGFYSFKIENREQKEPGYYENEDGIKQLFSLNKGHDLGNGWATGLIYELEYTRSKVYSPDVSGLRKNLAEHSIRPYLTYWNNDYNMGFYSNLEYLLSKEDRNAWGKRQEQGYSALFKPYKRFGNWEVGVEFYYQIKTNDEKQPDGTINEKSDFNERYIEPIVQYSFDDAGTLYTRVRVGKNETKNTDRSGGGNAGINYFKDIRKATVGYEQSIGESWVAKAEYEYANEVEKKSRLSGWEARNKSELTQHTFYAQALYRF,312,2.324637672562267
e4e1sA1,12,QHYGTAEVNLQSGNNFDGSSLDFLLPFYDSEKMLAFGQVGARYIDSRFTANLGAGQRFFLPANMLGYNVFIDQDFSGDNTRLGIGGEYWRDYFKSSVNGYFRMSGWHESYNKKDYDERPANGFDIRFNGYLPSYPALGAKLIYEQYYGDNVALFNSDKLQSNPGAATVGVNYTPIPLVTMGIDYRHGTGNENDLLYSMQFRYQFDKSWSQQIEPQYVNELRTLSGSRYDLVQRNNNIILEYK,242,3.187121670724814
e4e1tA1,12,MNRFGTAQVNLNFDKNFSLKESSLDWLAPWYDSASFLFFSQLGIRNKDSRNTLNLGVGIRTLENGWLYGLNTFYDNDLTGHNHRIGLGAEAWTDYLQLAANGYFRLNGWHSSRDFSDYKERPATGGDLRANAYLPALPQLGGKLMYEQYTGERVALFGKDNLQRNPYAVTAGINYTPVPLLTVGVDQRMGKSSKHETQWNLQMNYRFGESFQSQLSPSAVAGTRLLAESRYNLVDRNNNIVLEYQ,245,2.217607798761332
e4epaA1,22,TPRGYIEGGVSSRDSYRSKFNLSGPIQDGLLYGSVTLLRQVDDGDMINPATGSDDLGGTRASIGNVKLRLAPDDQPWEMGFAASRECTRATQDAYVGWNDIKGRKLSISDGSPDPYMRRCTDSQTLSGKYTTDDWVFNLISAWQQQHYSRTFPSGSLIVNMPQRWNQDVQELRAATLGDARTVDMVFGLYRQNTREKLNSAYDMPTMPYLSSTGYTTAETLAAYSDLTWHLTDRFDIGGGVRFSHDKSSTQYHGSMLGNPFGDQGKSNDDQVLGQLSAGYMLTDDWRVYTRVAQGYKPSGYNIVPTAGLDAKPFVAEKSINYELGTRYETADVTLQAATFYTHTKDMQLYSGPVRXQTLSNAGKADATGVELEAKWRFAPGWSWDINGNVIRSEFTNDSELYHGNRVPFVPRYGAGSSVNGVIDTRYGALMPRLAVNLVGPHYFDGDNQLRQGTYATLDSSLGWQATERMNISVYVDNLFDRRYRTYGYMNGSSAVAQVNMGRTVGINTRIDFF,514,1.4312229031873085
e4fqeA1,12,VSIDYRHEMQDTAQAGHKDRLLISHRFANGFGLSSEVKWAQSSADKTPNKPFNEQVSNGTEVVASYVYKFNSVFSIEPGFSLESGSSNNNYRPYLRGRANVTDDLSVALRYRPYFKRNSGNIGKDNTMDKGYTLTGNIDYTFLKDYTIGYELEYKKGTSGKTILSDNDDYDITHNVKLSYKWDKNWKPYVEVGNVSGSETTDERQTRYRVGVQYSF,216,1.2203652999663643
e4frxA1,18,AGFIEDSKASLTLRNFYINTDNRNGTASPSKQEEWGQGFILNYQSGFTQGTVGFGVDALGLLGVRLDGGGRAGKSGLDRQPGTVFPLESNGEPVHDFASLGLTAKAKVSNTEFRYGTLQPKLPVVTYNDGRLLPVTFEGGQVTSTDLKDFTLVAGQLEHSKGRNSTDNRSLSIAGANGSSASSRDSNKFYYAGGDYKVNKDLTLQYYYGNLDDFYKQHFLGLIHNWQIGPGVLKTDLRAFDSSSDGKNGSRSGRADGYVSSGYYGSGVTKGEVDNRAFSGLFTYTVSGHSIGAGYQILNGDSDFPFLNRGDGEGSTAYLITDVQIGKFQRAGERTWQVRYGYDFATVGVPGLTFNTIYLSGDKIKTARGDQSEWERDISLAYVIPDGTFKGLGFTWKNASFRSGLPAAGSSNNQRDQDENRLIVSYTLPLL,431,2.8869101142546802
e4fsoA1,18,EDGSARLEARTVYFNRDFRDGSSANPQGASKREEAAQGFILDLRSGYTEGALGFGVDTLAMLGIQYAKAGVAGKMRFSQTQFRYGAMLPDMPLLKYNDGRLLPTLFHGAQLTSEEIAGLRFSATRLERYTARDSSDAQDIRLHCKNKRYACDTTGNRFDAYQLDYQVNDGLLLQYAQGGLRNVYRQRYLGAVGKRQVGAGKLSADLRWFDSEDAGAARAGKIDNRALSLLLAYAQGGHTLSAGWQRMNGASSMPYLDGSNPYLANYLQVNDFANPEERSWQLRYDFDLRSVGVPGLSFMTRYVNGDHIRLANGDEGKEWERDIELKYIVQSGRFKDLSLRLRNATYRTDFERSARDVDEVRLIASYNLSLF,371,1.4379835437026582
e4fspA1,18,EGFLEDSRASLALRNFYMNRDFRDGAGRAKSEEWAQGFLFDYRSGYTEGTLGVGLDLLGKLGVRLDYARLDATAKLRLSRSELKVGGLVPKLPTIQPNYGRLFPQVFQGALLTSGELSGLSLNLGRLTEVSQRNEAGTSDLALFNRNRRFAGAAQADRFDLAGLDYRIAPDWTGSYHYGELEQVYAQHFLGLKGRIGIAADSLESDLRLALSRDTGGARGGRIDNRSFSGSLTYRLRNGQAFGLGYQRMSGDHGFPYLEGTDPYLVNFGQYNDFAEAGESSWQLRYDCDFAPLGVPGLSLMTRYFSGHGAKPKGADGSREWERDSDLRYVLQGGALKGLGLVWRNATYRSAFSRDIDENRLYLTYELPLF,370,1.3543256946886915
e4fuvA1,8,KNQLIPVGARAEVGTTGYGGALLWQANPYVGLALGYNGGDISWSDDVKVNGSTYDLDMDNNNVYLNAEIRPWGASTNRWAQGLYVAAGAAYLDNDYDLTRNVDATRSFRVNNQDFIAGADGVKINGQMSYKNDIAPYLGFGFAPKINKNWGVFGEVGAYYTGNPTVKLVSSGSAVTTGDQSLEEAVNAEARKIANDDKYKWLPVGKVGVNFFW,213,0.8874025479566285
e4geyA1,16,EAFSSESKWMTGDWGGTRTELLDKGYDFTLDYVGEVAGNLHGGYNDDKTARYSDQFALGAHLDLQKILGWHDAEFKLAITERSGRNLSNDRISDPRAGQFSSVQEVWGRGQTWRLTQMWIKQKYFDGALDVKFGRFGEGEDFNSFPCDFQNLAFCGSQVGNWVGGIWYNWPVSQWALRVKYNITPAFFVQVGAFEQNPSNLETGNGFKLSGSGTKGAIMPMEAVWSPKVNGLPGEYRLGYYYSTAKADDVYDDVNGNPQALTGEAFKSHSSKHGWWVVAQQQVTAHGGDVNRGLSLFANFTVHDKATNVVDNYQQVGLVYKGAFDARPKDDIGFGVARIHVNDDVKKRAELLNAQSGINDYDNPGFVPLQRTEYNAELYYGFHVTNWLTVRPNLQYIKSPGGVDEVDNALVAGLKIQSSF,420,2.6959002891118304
e4k3bA6,16,STGSLDLSAGWVQDTGLVMSAGVSQDNLFGTGKSAALRASRSKTTLNGSLSFTDPYFTADGVSLGYDIYGKAFDPRKASTSVKQYKTTTAGGGVRMGIPVTEYDRVNFGLAAEHLTVNTYNKAPKRYADFIRKYGKTDGADGSFKGLLYKGTVGWGRNKTDSASWPTRGYLTGVNAEIALPGSKLQYYSATHNQTWFFPLSKTFTLMLGGEVGIAGGYGRTKEIPFFENFYGGGLGSVRGYESGTLGPKVYDEYGEKISYGGNKKANVSAELLFPMPGAKDARTVRLSLFADAGSVWDGRTYTAAENGNNKSVYSENAHKSTFTNELRYSAGGAVTWLSPLGPMKFSYAYPLKKKPEDEIQRFQFQLGTTF,371,0.8620252800637325
e4k3cA3,16,NTGSINFGVGYGSGSGLSYNAGITQDNFLGMGSSLGLNGSRNTDSTNVNLSYTEPYFTKDGVSLGGNIFYEDYDNSARKASAAYKRKTYGASGTLGFPVDENNSYYLGLGYTHDKLRNVEREYTREKYVNSMKFPINPQNSHYDRIQSADFDLSFGWNYNNLNRGYFPTAGSSANISGKLTLPGSDNKYYQVGTNFSGYIPLNSEHKWVIATKGGLAYTNSFGGKEVPFYQLYSAGGMGSLRGFAGGSIGPKAIYYREDGFKAPSQDVIGGNAMVNASLELIIPAPFISDKYQHNVRTSVFVDAATVWNTKWKQSKADYPNLPDFGDYKRVRASAGIALQWQSPIGPLSFSYAKPIKKYAGDEIEQFQFTVGSTF,375,1.613174446022544
e4meeA1,12,QYRPENGSYATNMTLANSLFLMDLNERKQSASVWMRITGGRSSGKLNDGQNKTTTNQFINQLGGDIYKFHAEQLGDFTLGIMGGYANAKGKTINYTSNKAARNTLDGYSVGVYGTWYQNGENATGLFAETWMQYNWFNASVKGDGLEEEKYNLNGLTASAGGGYNLNVHTWTSPEGITGEFWLQPHLQAVWMGVTPDTHQEDNGTVVQGAGKNNIQTKAGIRASWKVKSTLDKDTGREFSPYIEANWIHNTHEFGVKMSDDSQLLSGSRNQGEIKTGIEGVITQNLSVNGGVAYQAGGHGSNAISGALGIKYSF,314,0.4832135183068344
e4n75A1,16,MNFGIGYGTESGVSFQAGVQQDNWLGTGYAVGINGTKNDYQTYAELSVTNPYFTVDGVSLGGRLFYNDFQADDADLSDYTNKSYGTDVTLGFPINEYNSLRAGLGYVHNSLSNMQPQVAMWRYLYSMGEHPSTSDQDNSFKTDDFTFNYGWTYNKLDRGYFPTDGSRVNLTGKVTIPGSDNEYYKVTLDTATYVPIDDDHKWVVLGRTRWGYGDGLGGKEMPFYENFYAGGSSTVRGFQSNTIGPKAVYFPHQASNYDPDYDYECATQDGAKDLCKSDDAVGGNAMAVASLEFITPTPFISDKYANSVRTSFFWDMGTVWDTNWDSSQYSGYPDYSDPSNIRMSAGIALQWMSPLGPLVFSYAQPFKKYDGDKAEQFQFNIGKTW,385,1.9516536274260583
e4q35A2,26,SGFLIPNAKYTTTNYFEFYLPYYWNIAPNMDATITPHYMHRRGNIMWENEFRYLSQAGAGLMELDYLPSDKVYEDEHPNDDSSRRWLFYWNHSGVMDQVWRFNVDYTKVSDPSYFNDFDNKYGSSTDGYATQKFSVGYAVQNFNATVSTKQFQVFSEQNTSSYSAEPQLDVNYYQNDVGPFDTRIYGQAVHFVNTRDDMPEATRVHLEPTINLPLSNNWGSINTEAKFLATHYQQTNLDWYNSRNTTKLDESVNRVMPQFKVDGKMVFERDMEMLAPGYTQTLEPRAQYLYVPYRDQSDIYNYDSSLLQSDYSGLFRDRTYGGLDRIASANQVTTGVTSRIYDDAAVERFNISVGQIYYFTESRTGDDNITWENDDKTGSLVWAGDTYWRISERWGLRGGIQYDTRLDNVATSNSSIEYRRDEDRLVQLNYHYASPEYIQATLPKYYSTAEQYKNGISQVGAVASRPIADRWSIVGAYYYDTNANKQADSMLGVQYSSCCYAIRVGYERKLNGWDNDKQHAVYDNAIGFNIELRGLSSNYGLGTQEMLRSNILPYQNTL,559,4.776161015402552
e4qkyA1,16,LPRVSLGMDNSGPGTPENGRYKYNASVTANDLLGLNDTLGLYIGNRYYRDAGHDAERNYDLMYSVPLGRTRLDLQTGYSTYRNLLKTRYGQYQSAGNSRSFGLKATRLLYRDTRSQFSVYGGLKLRQNKNYLAGTRLDVSSKHYSDVTVGMQYSTQRGANAYFGDLSFTRGVGVNNGKYAAYDERGPQGNVSRFNGSLAWTRYMALAGQPIQWASQLGFQYSRQQLLNSYQITVGDEYTVRGYNLRTSQSGDSGVYLSNTLTVPVQFSLLGKQASVAPFVGADVGALKSNHPDARTIRMAGLAAGVRFDLPYARMSFTYSKPVGAQPGGAPRAPVWLYINAGLSF,345,6.367970296429069
e4rdrA2,22,ADGKIPEKMPENGVSGELGLRLSSGNLEKLTSGGINIGLGKNFVLHTEGLYRKSGDYAVPRYRNLKRLPDSHADSQTGSIGLSWVGEKGFIGVAYSDRRDQYGLPAHSHEYDDCHADIIWQKSLINKRYLQLYPHLLTEEDIDYDNPGLSCGFHDDDNAHAHTHSGRPWIDLRNKRYELRAEWKQPFPGFEALRVHLNRNDYRHDEKAGDAVENFFNNQTQNARIELRHQPIGRLKGSWGVQYLQQKSSALSAISEAVKQPMLLDNKVQHYSFFGVEQANWDNFTLEGGVRVEKQKASIQYDKALIDRENYYNHPLPDLGAHRQTARSFALSGNWYFTPQHKLSLTASHQERLPSTQELYAHGKHVATNTFEVGNKHLNKERSNNIELALGYEGDRWQYNLALYRNRFGNYIYAQTLNDGRGPKSIEDDSEMKLVRYNQSGADFYGAEGEIYFKPTPRYRIGVSGDYVRGRLKNLPSLPGREDAYGNRPFIAQDDQNAPRVPAARLGFHLKASLTDRIDANLDYYRVFAQNKLARYETRTPGHHMLNLGANYRRNTRYGEWNWYVKADNLLNQSVYAHSSFLSDTPQMGRSFTGGVNVKF,600,2.065361195962864
e4rjwA1,16,GTVTTDGADIVIKTKGGLEVATTDKEFSFKLGGRLQADYSRFDGFYTKNGNTADAAYFRRAFIELGGTAYKDWKYQINFDLSHNTGSSDNGYFDEASVTYTGFNPVNLKFGRFDPDFGLEKATSSKWVTAPERNAAYELADWINTHQDGMGAQVNSTLADMAYLSAGVSAKDADDSDGDSVKQFNFRGVFAPMHEAGNVLHVGVNYAYRDLDDTAFDSRIRPRLGMRGIATSGGNDAGDNGNRATFGGVSNSPAGSYKDDSVWGLEGAWAMGPFSAQAEYLARKLKADDNAYKDIKAKGYYAQLAYTLTGESRQYKLEGAKFDSVKPENKEIGAWEVFYRYDNIKVEDDNVVADTATREVGDTKAKAHNLGVNWYVNDAVKISAAYVKAKTDKITNNNGDDDGDGFVTRLQYVF,414,1.299757194335527
e4rl8A1,12,EVDPGDYEALPVGATIGVVYYQHSTTDSAYANGHKVSSDFKLTSNVGILRLLHVYQLTDRLTLEPQFLLPFGRVSSSGDASALGDTSGVGDLTLTAPLKYRLNEANDILGATVYLTAPTGNYNRDDALNLGENRWKVDLQAAYVKHLGEKWAVDLVGDAIWYSDNDDFGSSSARREQDVSYGAQLMGRYIVDPGTSLAIGLGHTWGGENQIDGTAQDDRAETTNFRVTANKFFTAKDQLQMQLGRDLAVENGPKENFRLNLRYVRVF,267,1.0405945070305769
e4rlcA1,8,QGQNSVEIEAFGKRYFTDSVRNMKNADLYGGSIGYFLTDDVELALSYGEYHDVRGTYETGNKKVHGNLTSLDAIYHFGTPGVGLRPYVSAGLAHQNITNINSDSQGRQQMTMANIGAGLKYYFTENFFAKASLDGQYGLEKRDNGHQGEWMAGLGVGFNF,160,1.7565759926998177
e4y25A1,16,DVHNLAELRIAGSTGIDAEGPDSGKHDVDLTTIVYSPPLKDNWRGFAGFGYADGQFSEGKGIVRDWLAGVEWRSRNIWLEAEYAERVFNHEHKPGARLSGWYDFNDNWRIGSQLERLSHRVPLRAMKNGVTGNSAQAYVRWYQNERRKYGVSWAFTDFSDSNQRHEVSLEGQERIWSSPYLIVDFLPSLYYEQNTEHDTPYYNPIKTFDIVPAFEASHLLWRSYENSWEQIFSAGVGASWQKHYGTDVVTQLGYGQRISWNDVIDAGATLRWEKRPYDGDREHNLYVEFDMTFRFR,296,1.6649485452218646
e4zgvA1,22,KTMDPKLDKSSGKISYRTTRDSWTKYHISEVISEEFYSGTNLYYQPKFKKHFYSATFNQPLSDKAGFIFAYNRQQSDIPYYHEYLQQWDDQERINETYLLKGTYLTDSGDIIRMTGMYSPHESKFYKKDVKNGGFTNSGGGYRFNMEWEHNASWGKMTSLAGYQYTEDKTEHEADSYQTWRRFSSGFVSNVIDWSSSGGANGQNSNIGGYGSFATNTSSFSLKQDYELNPVSWYGINHQIDFGWETDFYTSRYRRFSDVYTGGVLVVPTGASAGSVVCQSGDELCIPGEQYSRTRILYPERNVQVSNVNYAAYLQNSMSYGRLEVTPGVRVSYDDFLENLNIAPRFSASYDVFGDRSTRLFGGANRYYAGNILAYKMRQGIGSNIQESRISPTAPWTTPTLRTGTNYNVSDLNTPYSDELSLGLSQRVMSTVWTAKWVNRQGKEQFGRETTTIDGQSYRVMNNKGHTEGNTFSLEVEPISPHRFSFAEVNWKLGASVTKNKSNSIYYYDSANQDEQRVIFDDKLMYRGDIDAMNFNTPWRAFLNVNTYFPAVRLSWDQRVGYTAGYKGYTTSSIQVQCPGGSSACNGDPSFVGGATEYFPTQYDDFISYDWRFSYSQPVYKTQTLDITLDVLNVLDNVVETNQTGTSNKPIVIYKPGRQFWLGVAYTW,668,2.6684298777929465
e5dl5A1,18,SEQSEAKGFVEDANGSILFRTGYLTRDKKQGAKDTSSVAQSAIVSIESGFTPGIVGFGVGVVGDGSFKIGENKNAGNQMIPKHNDGSAYDHWARGGGSVKARFSNTTVRYGTQVLDLPVLASNTGRMVPEYFTGTLLTSHEIKNLEVVAGKFTKDQMSDQINTDADASGRGLDRAIVWGAKYKFNDNLNASYYGLDSKNALERHYANVNFKQPLANDSSLTYDFSGYHTKFDANAHTYSATGTVAPNYAADGIAGEEKTNNIWAISGTYATGPHSVMLAYQQNTGNVGYDYGQNADGFQSIYLPNSYMSDFIGNHEKSAQIQYNVDFGKLGVLPGLNWTTAFVYGWDIKVRNVTDDAQEREFFNQVKYTVQSGFAKDASLRIRNSYYRASDAYQGAYIGDTNEWRIFLDIPVKLF,415,1.4633869449060406
e5dl6A1,18,GSFIDNSSVELTTRNFYFDRDYQEQSAYPAAKDWTQGFILKANSGYTEGTIGFGLDVLATAGFKLDADAEHGGTGNLPRDTRTNEPADSYGEIGVTAKAKMSQTELRIGTLMPMNPVLVASPARLLPQTYRGISLTSKDIKDFDLQAAYLDKVNHRDSTNYEKIKISGVNGRFKGAETDGLYYLGGNYQFNPALKLTAFYMDVDDLYNQTMVGALHQYKINDTTNFSSQLRYYRSRDDGQAKAGLVDNDLYHAHFELKHQNHKFIFGTFQHHGDTAFPYLTGGETGLLIDTWPGEFLNPKEKAYSFRYEYDFKEYVPGLCFMTRYTTGHNIYAPNLGGTNLKERETDFDLGYTVQSGWLKNLGLRARYAIYDNNMLSTANIKPVNETRINIDYTWKFK,398,1.3509373062831382
e5dl7A1,18,IADSKAELTLRNFYFDRDYKKDPYPYTAARDWAQGLIFKGQSGYTEGTVGFGVDVLAMAGFNLMGSRADDYARSGLLPVNTDNSRDDYYGKIGITGKAKFRKNELFVGDLVPQLPTIFSSPARLFPQTYRGIRFVSNEIPNLQLEGFYVDEVRQRDSIRYTDVGTDNINHRFNKAATTDSFYTLGGSYQLKDYRLRAYHAELKDIYQQQFLGFNGKQPLNDQLNFLSDVRFFNSEETGSKKIGEVDNRHISGLFGLNYQNHTVSLGYMQSFGSTGLPFLSGTESPVVLDFMSSDYSNKDEKVYSIRYEYDFKNARIGDVSLNGLRFMTRYAKGEDIDLLQYGDQRFKEDSLEFDLGYKIPEGKLKGLGMRARFSHYRNDMPTNMTFHSANETRLNVDYTFKF,402,0.8236189098500832
e5dl8A1,18,NPNQQTEDEWKFTLKNAYINRDFDNDALKDTGSWSQAASLFYKSKMHDTPLVIADKPITIGADASVQYAVRLSSDDYLKYGATLKLGYDKTLLSVGELWLDLPVTAVDASRQLLTSYWGTNLKSQLSDQLYAEIGRVEKVSPRNEEDFKKFSFTANGITKESDGLNYIDLRYQFTPSLKGEYYFGNLEDLYNKHYVGLEHTWKQPTFALTSKFKYFNAKDDGNTFDIDAENIGLLETVKVKNHTFGLGYQQIIGESAYPLPDGFLPETYFINWNATGFFKEDEKSYHVMYGYDFKDYIPGLNAMVKYVYGHDFKAANGEKNHETESNVILNYAFQQPLLKGFALQYIRIDYNVKHGNDFGEDRLFVNYTKKF,372,2.025410404933267
e5fokA1,22,KQDNFTDAGFTWGSDQTRRTTLDVNRMIGDNAAFRLNLMKHDAHVAGRDEVSVSRWGVAPTVTFGFDTPTRATLSYYHLSTDDMPDYGLPLTNVNRSKANPSKPASVDRDNFYGLKDRDYRKSTTDSGTFRIEHDLNDNLTLSNSTRLVRTTLDYIVSNPDDSRGNVANGYVYRSAKSRNSTSKGWVNQTDLKANFETGFIKHTLVTGLEFSYEDVHNRPYAITSGGGAGNTCNARLLASGDCTSLNRPTPGDNWTGSITDGLAYTDTDTKTSAAYVFDTLKLSEQWELNLGLRYDDFDTKSSGYQTAGRNGPAGYFKRENNSHFWNYQTGLVYKPAPNGSIYLAWSTSSNPRNRNLELGTKWAFFDDALSLNAALFRTDKTNARVASPDVSTLQVLDGEQRVQGVELGFNGKLTEKWKVFGGYTYLDSEIRKSTVKSDEGNKMPQTAQNNFTLWTTYDLLQNFTIGGGTTYVDKQYGNTANSTYIPSYWRYDAMASYKVSKNVDLQLNVQNLTDKRYFDQVYSTHMAHVAPGRTALLGVNFHF,544,1.8016220290666822
e5fp1A1,22,KKGDFLEGSVAAGTDNYQRITLDGNKDFGNGIAARVAVLGHQNEKAGQSNGAEYKRVGIAPSITFGLDTPTRATLSYYYLQTDDKPDSGIPYWDSSLGKAQGKPAEVKQGTYYGWKDRDFQKQENHIGTIKLEHDLTDNITITNTAMYAKSKNDYVWTNPDDSKGNVGKGLVWHRLNSAITDSETFTDQLALTGKFDTGFLKHRFNVGAEYSKQKTDKGGYNIIDAKGNVSSTGFYSDCSDLSTNWCTSLNGPTQKPFVDRLQARPDFDATVESTSVYLLDNIEITPKWLLDLGLRWDKFEAEQNFLATSSAAAYTAKNNSDFVTYQAGITFKPTENGSIYTSYATSASPVGLNAGWGDNSETINANNQMIDPEEAQTFEIGTKWDFLDNHLNLTAAIFRTEKQNTRVQIDPTTYANVGESKVDGFELGLNGEITDKWNISAGYTYLDSELTKNGKSCRSGKCTDQSIYNGNQMPNVPKQAATLWTTYKVLPQLTVGAGAVYSDKVYGDVANTKWVPSYVRYDAMARYNVNKNVDLQLNINNLSDKRYFTKAYASHYATEAEGRSAVLAVNFKY,574,0.3544421093430598
e5fq8B2,22,RKEKGVGIEYNGGVQWSTVLRLPEFQNEFGMGWNGNHTELENGSWGPRFDGSMQLWGNVYNNSQKLKPYVAMPDNIKDFFDAGFRYSNSLSFNGATDKSDYYVSFSQISDDGMIPTDADSYDKYTFSARGSHKAGALTFSSSLNYAYQKNNFATTGQGLSMLNSLYQTPRDISIIGLEDQNDPFNTPGYYYTPYGVMNPYYILNNYLNEYESERFYGKFQLDYEFLKYFKFTYRMGLDTTTGQSDKGKPNLYALYYEGTPNGEGQGSSSPFSGETGQYSEQITRRREINQDIMVNFNMPVNDFNINALVGFNGNERKVSYQYSEVNDLTIPTWFNLKNSGKTPIVEQHMELRRLMGVFGQFEGSWKNMLYLTVTARNDWSSTLPKENRSFFYPGITGSFIFSELLNDNLQDVITFGKIRASWGKTGNDADVYMVNPVYAQSSNRIPFGSLTFPLGGVNAYSAGNVLGSNTLSPEMTTESEVGLNMAFFKNRLSFDVSYYNRNTDKQIFSLAMDPASGYTAQNMNLGKIRNRGIELLISGTPIRTKDFSWELTWNFTKNWSKVISLPEELGGITTIYGLNGGTSMYAITGMPVGVFKAQVAERDPQGRIVVNSSTGLPVEASEFGICGDMNNKYQMGVSTNLKYKGISLGIDFDIRQGGVMYSRTKDINYFTGNAIQTAYNDRNPLIVPNSVNKIVNGENVTYVENTTPITSSNIYKYWGDGGSDMGSCFLVDKSYVKLRSVVLGWDLPKRWLAKTPFQAVKVSAYGNNLFVWTPSSNTFIDPEMTSFGNDLEGNYGEYTANPSSRRFGFNLMVKF,815,4.883669708305082
e5fr8A2,22,TNETHGSVEFYTSQPEDSKEGSSNRVGFNVSGPLIKDVLSYRLYGNYNKTEADDVDINKSIGSTAAGREGVKNKDISGRLAWQATDQQTVLLDISSSKQGNIYSGDSQLNANAEADAILSQLIGKETNTMYRDSYALTHEGDWSWGKSKLVAQYDKTHNKRLPEGLAGSVEGKINNLDDKATSRLETLRFNGEANIPFEYYLPQVLTVGTEWVEDRFKDNVSTTQGKDSSGSGYGDQLAKGDRSKMESRIASAYIEDNLKVTDSTDVVLGLRFDDHSKSGSNWSPSLNITQKLNDYFTLKGGVAKAYKAPNMYQNAEGYLLSTNGNGCPANIESRCLLQGNGDLKPETSVNKELGIQFQKDIVNASLTWFRNDYKDKIVAGTHVVGTVDGSSTNANTGAVTNTKWNILRWENTPKALIQGFEGSLGLDFGDIRWTNNFTYMMDSKDKQTGNPLSLVPIYTINSIFDYDITDQLDVNFVFTQYGRQKSRQFAENRLESGIGSGGANSALKPSTVKSYSTAGINVGYKFSDQISTRVGVSNLFDKQILRDSNSISQTYNEPGRAYYASLKYSF,571,6.668354370985866
e5fvnA1,16,AEIYNKDGNKLDLYGKVDGLHYFSDDDSQDGDQTYMRLGFKGETQVNDQLTGYGQWEYQIQGNSGENENNSWTRVAFAGLKFGDAGSFDYGRNYGVVYDVTSWTDVLPEFGGDTYGSDNFMQQRGNGFATYRNSDFFGLVDGLNFAVQYQGKNGSASGEDQTNNGRTELRQNGDGVGGSITYNLGEGFGIGTAVSSSKRTSSQNDLTYGNGDRAETYTGGLKYDANNIYLAAQYTQTYNATRVGNLGWANKAQNFEVVAQYQFDFGLRPSVAYLQSKGKDLENGYGDQDLLKYVDVGATYYFNKNMSTYVDYKINLLDDKEFTRNAGISTDDIVALGLVYQF,342,0.6971365306580598
e5ivaA1,26,IDDRRQSGFLPPSFSSTSDTGFTLVTPYYFNLAPNYDATLYPRYMAKRGMMLEGEFRYLTHSSEGIVNAAYLNDKDDHREGFPDYSKDRWLYGLKNTTGLDSRWLAEVDYTRISDPYYFQDLDTDLGVGSTTYVNQRGTLTYRGDTFTGRLNAQAYQLATTTDVTPYDRLPQITFDGFLPYNPGGMQFTYGTEFVRFDRDLDENIYFNDDGSIRGKRPDASLQGLARATGDRMHLEPGMSLPMTRSWGYVTPTLKYLYTKYDLDLDSQGKTDLNKRDESFDSNQDRSLPLVKVDSGLYFDRDTTFAGTPFRQTLEPRAMYLYVPYKDQDSLPVFDTSEPSFSYDSLWRENRFTGKDRIGDANQLSLGVTSRFIEENGFERASISAGQIYYFRDRRVQLPGLTEKDLKRLNLDPSGLDNDSWRSPYAFAGQYRFNRDWRINSDFNWNPNTSRTESGSAIFHYQPEVDPGKVVNVGYRYRADARRFDSSRGTFRYGNENDIIKQHDFSVIWPLVPQWSVLARWQYDYNKNRTLEAFGGFEYDSCCWKLRLINRYWLDVDDDAFLVQSEKADRGIFLQIVLK,579,4.86714395368304
e5ldvA1,18,GAMGPLEEAIKDVDVSGVLRYRYDTGNFDKNFLNNSNLNNSKQDHKYRAQVNFSAAIADNFKAFVQFDYNAVDGGTGVDNATNAEKGLFVRQLYLTYTNEDVATSVIAGKQQLNIIWTDNGVDGLVGTGVKVVNNSIDGLTLAAFAVDSFMAAEQGSDLLGQSTYVGNGKNNNDSFKLDSIGNLYGAAAVGSYDLAGGQFNPQLWLAYWDQVAFFYAVDAAYSTTIFDGINWTLEGAYLGNSLDSELDDKKTYANGNLFALKGSIEVNGWDASLGGLYYGDKEKASTVVIEDQGNLGSLLAGEEIFYTTGSRLNGDTGRNIFGYVTGGYTFNETVRVGADFVYGGTKTEATTHLGGGKKLEAVARVDYKYSPKLNFSAFYSYVNLDQGVNTNESADHSTVRLQALYKF,408,1.3769080016396193
e5m9bA1,22,GAETHGNLSVYSNFPQHKAEGASERMSFGLNGPLTENLSYRVYGNIAKTDSDDWDINAGHESNRTGKQAGTLPAGREGVRNKDIDGLLSWRLTPEQTLEFEAGFSRQGNIYTGDTQNTNSNNYVKQMLGHETNRMYRETYSVTHRGEWDFGSSLAYLQYEKTRNSRINEGLAGGTEGIFDPNNAGFYTATLRDLTAHGEVNLPLHLGYEQTLTLGSEWTEQKLDDPSSNTQNTEEGGSIPGLAGKNRSSSSSARIFSLFAEDNIELMPGTMLTPGLRWDHHDIVGDNWSPSLNLSHALTERVTLKAGIARAYKAPNLYQLNPDYLLYSRGQGCYGQSTSCYLRGNDGLKAETSVNKELGIEYSHDGLVAGLTYFRNDYKNKIESGLSPVDHASGGKGDYANAAIYQWENVPKAVVEGLEGTLTLPLADGLKWSNNLTYMLQSKNKETGDVLSVTPRYTLNSMLDWQATDDLSLQATVTWYGKQKPKKYDYHGDRVTGSANDQLSPYAIAGLGGTYRLSKNLSLGAGVDNLFDKRLFRAGNAQGVVGIDGAGAATYNEPGRTFYTSLTASF,570,5.27864096373018
e5mdoA1,16,EYLTKDSFSYEVYGIIAMQAAYRDYDSGDAKQDDNLGGMQLNNESRIGFRGKKQFANFEPTFIWQIEGGYVDPSFGGEGAGLGERDTFVGFESASWGQVRLGRVLTPMYELVDWPASNPGLGDVYDWGGAIGGAKYQDRQSNTIRWDSPMYADKFSIDAAVGAGDKAGLGAGDDYWGGIAAHYKLGPLQLDAAYEGNRNIEAEGQTWENNTYLVGVQGWFENGISFFAQYKYMEADASNGVNEKQDAMSAGLMYTTGDWQYKLGYAANFDLERDGKTLSNTSDDVVSAQIMYFVDPSAVLYARARMNDFNEGLDGLDDAARWTSGTNGDYNEYSVGVEYYF,341,5.058457100785023
e5o65A1,12,PAQSVSNLYNEASGFFGNGKFSFETGITYARYDDRIKADNWTLDLTGRYNLDNRWQFDVNVPVVYRESTYQSGGASGGDPQATSEESVSRDPTIGDVNFGIAYKFLDESATMPDAVVSVRVKAPTGKEPFGIKLVRSTANDNLYVPESLPTGNGVWSITPGLSXVKTFDPAVLFGSVSYTHNLEDSFDDISSDVNQKVGGKVRLGDSFQFGVGVAFALNERMSMSFSVSDLIQRKSKLKPDGGGWQSIVSSDANAGYFNVGMTIAASENLTIVPNLAIGMTDDAPDFTFSLKFPYYF,297,0.953114560696569
e5o8oA1,19,IYSSLSDAFNAFQERRKQFGLSNPGTIETIAREVQRDTLLTNYMFSGLRADVTKAFSLAPLFQVSHQFAMGERLNPYAFAALYGTNQIFAQGNLDNEGALSTRFNYRWGDRTITKTQFSIGGGQDMAQFEHEHLGDDFSASLKAINPSFLDGGLTGIFVGDYLQAVTPRLGLGLQAVWQRQGLTQGPDTAISYFARYKAGDWVASAQLQAQGALNTSFWKKLTDRVQAGVDMTLSVAPSQSMMGGLTKEGITTFGAKYDFRMSTFRAQIDSKGKLSCLLEKRLGAAPVTLTFAADVDHVTQQAKLGMSVSIEASDVDLQEQQEGAQSLNIPF,332,5.401698971457604
e5t3rD1,22,QIKINFDASVSASMYQSKMNVLNTEQYGRAMWQAYVNDGENPNGNALGYAYNWGYNADGNPVLYGMTLSKYLDSKNTMPVADTDWFDEITRTGVIQQYNLSVSNGSEKGSSFFSLGYYKNLGVIKDTDFDRFSARMNSDYKLIDDILTIGQHFTLNRTSEVQAPGGIIETALDIPSAIPVYASDGSWGGPVGGWPDRRNPRAVLEYNKDNRYTYWRMFGDAYVNLTPFKGFNLRSTFGLDYANKQARYFTYPYQEGTQTNNGKSAVEAKQEHWTKWMWNAIATYQLEVGKHRGDVMIGMELNREDDSHFSGYKEDFSILTPDYMWPDAGSGTAQAYGAGEGYSLVSFFGKMNYSYADRYLLSLTLRRDGSSRFGKNHRYATFPSVSLGWRITQENFMKELTWLDDLKLRASWGQTGNQEISNLARYTIYAPNYGTTDSFGGQSYGTAYDITGSNGGGVLPSGFKRNQIGNDNIKWETTTQTNVGIDFSLFKQSLYGSLEYYYKKATDILTEMAGVGVLGEGGSRWINSGAMKNQGFEFNLGYRNKTAFGLTYDLNGNISTYRNEILELPETVAANGKFGGNGVKSVVGHTYGAQVGYIADGIFKSQDEVDNHATQEGAAVGRIRYRDIDHNGVIDERDQNWIYDPTPSFSYGLNIYLEYKNFDLTMFWQGVQGVDIISDVKKKSDFWSASNVGFLNKGTRLLNAWSPTNPNSDIPALTRSDTNNEQRVSTYFVENGSFLKLRNIQLGYTVPAVISKKMRMDRLRFYCSAQNLLTIKSKNFTGEDPENPNFSYPIPVNITFGLNIGF,806,1.7786041581105467
e6bpmA1,22,RNDSGIDASASIGSAWFRRGTLDVNQVIGDTTAVRLNVMGEKTHDAGRDKVKNERYGVAPSVAFGLGTANRLYLNYLHVTQHNTPDGGIPTIGLPGYSAPSAGTAALNHSGKVDTHNFYGTDSDYDDSTTDTATMRFEHDINDNTTIRNTTRWSRVKQDYLMTAIMGGASNITQPTSDVNSWTWSRTANTKDVSNKILTNQTNLTSTFYTGSIGHDVSTGVEFTRETQTNYGVNPVTLPAVNIYHPDSSIHPGGLTRNGANANGQTDTFAIYAFDTLQITRDFELNGGIRLDNYHTEYDSATACGGSGRGAITCPTGVAKGSPVTTVDTAKSGNLMNWKAGALYHLTENGNVYINYAVSQQPPGGNNFALAQSGSGNSANRTDFKPQKANTSEIGTKWQVLDKRLLLTAALFRTDIENEVEQNDDGTYSQYGKKRVEGYEISVAGNITPAWQVIGGYTQQKATIKNGKDVAQDGSSSLPYTPEHAFTLWSQYQATDDISVGAGARYIGSMHKGSDGAVGTPAFTEGYWVADAKLGYRVNRNLDFQLNVYNLFDTDYVASINKSGYRYHPGEPRTFLLTANMHF,583,5.287223557090187
e6e4vA1,22,NDYSVTSTREFKGDVSAEYGSWNKERYVADLQSPLTEDGKIRARIVGGYQNNDSWLDRYNSEKTFFSGIVDADLGDLTTLSAGYEYQRIDVNSPTWGGLPRWNTDGSSNSYDRARSTAPDWAYNDKEINKVFMTLKQQFADTWQATLNATHSEVEFDSKMMYVDAYVNKADGMLVGPYSNYGPGFDYVGGTGWNSGKRKVDALDLFADGSYELFGRQHNLMFGGSYSKQNNRYFSSWANIFPDEIGSFYNFNGNFPQTDWSPQSLAQDDTTHMKSLYAATRVTLADPLHLILGARYTNWRVDTLTYSMEKNHTTPYAGLVFDINDNWSTYASYTSIFQPQNDRDSSGKYLAPITGNNYELGLKSDWMNSRLTTTLAIFRIEQDNVAQSTGTPIPGSNGETAYKAVDGTVSKGVEFELNGAITDNWQLTFGATRYIAEDNEGNAVNPNLPRTTVKMFTSYRLPVMPELTVGGGVNWQNRVYTDTVTPYGTFRAEQGSYALVDLFTRYQVTKNFSLQGNVNNLFDKTYDTNVEGSIVYGTPRNFSITGTYQF,550,6.618069852156032
e6ehbA1,16,DGINQSGDKAGSTVYSAKGTSLEVGGRAEARLSLKDGKAQDNSRVRLNFLGKAEINDSLYGVGFYEGEFTTNDQGKNASNNSLDNRYTYAGIGGTYGEVTYGKNDGALGVITDFTDIMSYHGNTAAEKIAVADRVDNMLAYKGQFGDLGVKASYRFADRNAVDAMGNVVTETNAAKYSDNGEDGYSLSAIYTFGDTGFNVGAGYADQDDQNEYMLAASYRMENLYFAGLFTDGELAKDVDYTGYELAAGYKLGQAAFTATYNNAETAKKTSADNFAIDATYYFKPNFRSYISYQFNLLDSDKASKVASEDELAIGLRYDF,320,0.7669430650410751
e6ehdA1,16,AEILKSDAGTVDFYGQLRTELKFLEDKDPTIGSGSSRAGVDANYTVNDSLALQGKVEFALKDSGDMYVRNHILGVKTNFGKFSFGKQWTTSDDVYGADYSYFFGGTGLRYGTLSDALHDSQVKYVYEADSFWVKAGYGFPEDNAKQELAELYVGATFGDLAVHAGGGQNRDKAFKVGSNTVGTTTTDIKADVTNSYFEVTGEYTIGDALIGVTYYNAELDVENNPLVIDEDAISVAGTYKVADKTKLYAGYEYVMQEANTGADEDGTLVYLGVEYKFASWARVYAEYGYGDGTTLGYTNKGSDAEVKATKVDSANNFGIGARYYW,325,2.70216113894954
e6eusA1,16,LAGFKSKAGADVNLYGFVRGDANYIIEGADNDFGDVSKSDGKTHDKLRATAKTTRLGLDFNTPVGDDKVGGKIEVDFAGSTTDSNGSLRIRHAYLTYNNWLFGQTTSNFLSNHAPEMIDFSTNIGGGTKRVPQVRYNYKLGPTTQLFVSAEKGDSTTSVTGDSIKYSLPALTAKITQGYAEGRGSASARVLVENYKSQLADDDKTGWGVAVGTDFKVSDPXKXFADASYVVGDNSYLYGSNSPYAVDGNSIEQNEFVAVQVGGTYKILPNLRSTLAYGAQFSDDGTDYARLNASANEKVQQAWINFIYTPVKPIDLGVEYVNGKRDTFDGKSYKDNRVGLMAKYSF,346,0.3964417610099542
e6fokA1,22,FGELGSRVNASLLAGSNGRFDKVLDAAAGNRLGYLRFTGNHAQSDDYEDGAGNTVPSRWKKWNGDVAVGWTPDEDTLIELTAGKGDGEARYAGRGMDGSQFKRESLGLRFVKSNVSDVLEKVEAQVYYNYADHIMDNFRLRTPDPSSMMPMPMASQVDRRTLGGRLAATWRWDDFKLVTGVDAMRNEHRARGSKYDMMTDYYTDADQFPWSKDAVFHNYGAFGELTWFAAERDRLIGGLRLDRASVKDYRQTLKSGHMGHAMANPTANDTRADTLPSGFVRYEHDLADSPTTLYAGLGHAERFPDYWELFSPKRGPNGSVNAFDKIKPEKTTQLDFGLQYNGDKLQAWASGYVGVVQDFILFSYREGMMGSSTQATNVDARIMGGELGASYQLTGNWKTDASLAYAWGKNSSDDRALPQIPPLEARFGLTYEEGDWSAGSLWRVVAPQNRIARDQGNVVGKDFDKSAGFGVFSLNGAYRVTRNVKLSAGVDNLFDKDYTEHLNKAGDAGFGFSANETVPEPGRTFWTKVDFSF,533,1.2909803968209383
e6gieA1,14,QGLEYQFEVQGQSEYVDTTANDKNFTGTAQGTYYFKNVDASKGPLAEAAFLNQASNVSVAYNYIKYDEKDTVNVESHTYGVKGEAYLPTPYLPVYASASYNHTINDFKDGVSDDNGDRYALEAGAMLLPNFLVAVGYTSVVTARTKYVGNIDGTNMAIGFEAFGVFAEDNAYGMKTDLFVTPKLSVGASFADVSAFNSGYDHVWGGHTQYFITPAVAVGADFVKANAKDGNPRDTQTIGLNAKFRF,246,1.032505177277551
e6h3iF1,14,DIERPITTGVPFLLVAADARAAGLGDQGVATSSDVFSQQWNPAKYAFAEDAQGLSISYTPYLTDLANDISLGQVTYYNKINDRSAFAGSFRYFGFGGIELRQTGDPNEPTREVNPNEFALDGSYSLKLSETFSMAVAARYIRSNLKVATEEIDASAAGSFAVDVAGFYQSEEIAYSDFNGRWRAGFNIQNLGPKISYDHDDLSANFLPANLRVGGGFDFIFDDYNKLGVSLELTKKDIGWVSGIFKSFGDAPGGFSEELKEITYSAAAEYMYQDAFAMRLGYYHESPMKGAKQFFSLGAGFKYSMIKVDVSYLFSASKVKNPLENTLRFSLTFNFGDKYETY,342,3.848047439856349
e6h7fA1,22,ADEPFARLTTTYMSDAQFGGHVDVGRRFGENKEFGVRINGMYRDGDAAVNDQSKESRLFSLGLDWQGENARVFVDAYDALDHVDGVTRGVNVSTAVGIPKPPKADTLLSPDWGSVETKDKGAMIRGEYDFSDQLMAYAAYGQSTTEYKYNGASAGTITSSTGTLSSTLGQLAFDVDKKSADAGFKGKFETGSVKHQWVANATYYNHTQDDYGYRIIPGFSDPVITNIYDPNPNWGPKPEFTPPFLFHSTLSTSSFGLADTLSFAQDKVQLTLGLRHQTVKATSSVNTLPENAKSATTPGVALLIKATDKISVYANYIEGLTKGDQAPATASNPGEIFPPQKTKQQELGLKVDLGTFAHTLSAFEITKPSSYLDPSKLVNNLPTFVSDGEQRNRGIEWSFFGSPIEHVRLMGGFTYLDPELTKTKSGGNDGHTAVAVPKNQAKLGAEWDTQVAQGTLTLSGNINAVSKQYINAENTLSVPGRTLLDVGARYSTKVEDHPVTFRANIYNLTNKAYWAQPQLTNLALGAPRTYMLSVSYDF,538,2.294713698000486
e6i96A1,22,LYEDYRQITGSIGNMGQKEMGFDFSGPLDEEKRIAYRLIGLGKGSDTQFDHVKEERYAIAPTLAIDFSDDTTLTLQGYLQHDPNGGYHGGVPADGTLSHHNGRHISREFFDGEPSKDDFDRTQRMFGYQLEHRIDDVWSARQNFRYLDSDVDLSQVYAYGWSASEPNKLNRYFSGAREHLQAYIVDNMLQAEFATGAARHTLLTGLDYQRRRTVVDWRSGSASALDAFNPVYGDDAISYFPDDNHTRRLEQTGVYLQDLIDIDQWRFSLGLRQDWVSVTDKNRSTGSKADDDWEKFTGRIGALYLFDNGLAPYVSYSESFNPNAYSDASGTPLAPTEGKQWELGLKFQAPGSNSFYTASLFHITQENVASKEPQDNFYTSVGEVRSQGLELEAHTQLSDNLKLLGSYTYTDITYTKSLDGNQGHTPNQAPKHMASLWADYAFDAGPLSGLSIGGGARYVGETWADKENTLRVPDYTLVDARIGYDLGKLGLKGLDVSLNANNLLDKDYVASCYSLDFCYFGEKRNVTATVNYQF,534,1.0631481573879655
e6qwrA1,8,MNENYPAKSAGYNQGDWVASFNFSKVYVGEELGDLNVGGGALPNADVSIGNDTTLTFDIAYFVSSNIAVDFFVGVPARAKFQGEKSISSLGRVSEVDYGPAILSLQYHYDSFERLYPYVGVGVGRVLFFDKTDGALSSFDIKDKWAPAFQVGLRYDLGNSWMLNSDVRYIPFKTDVTGTLGPVPVSTKIEVDPFILSLGASYVFKLAAALE,211,2.1890513100682436
e6r2qB1,26,VETGTSGTVGVGVGYNSEEDIRSANAFGTSNEVAGKLDADVTFRGEKGYRASVEAYQLGMDGGRLEVNAGKQGQYNVNVNYRQIATYNSNSALTPYSGVGSDNLTLPDNWVTAGSSSQMPLLMDSLNSLELSLKRERTGLGFDYQGESLWSTHVSYMREEKTGLKKASGGFFNQSMMLAEPVDYTTDSIEAGIKLKGDNWFTALNYNGSIFKNEYNQLNFDSAFNPTFGAQTSGSIALDPDNQSHTVSLMGQYNDSTNVLSARLLTGQMSQDQALVTSGYGYQVPTEALDAKVDLIGLNLKVVSKVTNSLRLSGSYDYNDRDNNTQIEEWTQVSINNVNGKVAYNTPYDNTSQRFKVAADYRITRGMKLDGGYDFRRDERNYQDRETTDENTVWARFRVNSFETWDMWVKGSYGQRDGSEYQASEWTSSETNSLLRKYNLANRDRTQVEARVTHSPIESLTIDFGARYALDDYTDTVIGLTESKDTSYDANISYMITDDLLANAFYNYQIIESEQAGSSNYSTPTWTGFIEDKVDVVGAGISYNNLLENKLRMGLDYTYSDSNSNTQVRQGITGDYGDYFAKVHNINLYAQYQATEKMALRFDYKIENYKDNDAANDIAVNGIWNVVGFGDNSHDYTAQMIMLSMSYKI,649,5.002116578654883
e6sljA1,22,KMSERGRITFNASYGISQILNTKPLDNMMTGDELLDFQVKAGFWGNNQTVQKVKDMILAGAEDLYGNYDSLKDEYGKTLFPVDFNHDADWLKALFKTAPTSQGDISFSGGSQGTSYYASIGYFDQEGMAREPANFKRYSGRLNFESRINEWLKVGANLSGAIANRRSADYFGKYYMGSGTFGVLTMPRYYNPFDVNGDLADVYYMYGATRPSMTEPYFAKMRPFSSESHQANVNGFAQITPIKGLTLKAQAGVDITNTRTSSKRMPNNPYDSTPLGERRERAYRDVSKSFTNTAEYKFSIDEKHDLTALMGHEYIEYEGDVIGASSKGFESDKLMLLSQGKTGNSLSLPEHRVAEYAYLSFFSRFNYGFDKWMYIDFSVRNDQSSRFGSNNRSAWFYSVGGMFDIYNKFIQESNWLSDLRLKMSYGTTGNSEIGNYNHQALVTVNNYTEDAMGLSISTAGNPDLSWEKQSQFNFGLAAGAFNNRLSAEVDFYVRTTNDMLIDVPMPYISGFFSQYQNVGSMKNTGVDLSLKGTIYQNKDWNVYASANFNYNRQEITKLFFGLNKYMLPNTGTIWEIGYPNSFYMAEYAGIDKKTGKQLWYVPGQVDADGNKVTTSQYSADLETRIDKSVTPPITGGFSLGASWKGLSLDADFAYIVGKWMINNDRYFTENGGGLMQLNKDKMLLNAWTEDNKETDVPKLGQSPQFDTHLLENASFLRLKNLKLTYVLPNSLFAGQNVIGGARVYLMARNLLTVTKYKGFDPE,762,3.5493681932353467
e6ucuA1,19,HSHRQSLELVNPGTVENLNKEVSRDVFLSQYFFTGLRADLNKAFSMNPAFQTSHTFSIGSQALPKYAFSALFANDNLFAQGNIDNDLSVSGRLNYGWDKKNISKVNLQISDGQPTMCQLEQDYQASDFSVNVKTLNPSFSEKGEFTGVAVASFLQSVTPQLALGLETLYSRTDGSAPGDAGVSYLTRYVSKKQDWIFSGQLQANGALIASLWRKVAQNVEAGIETTLQAGMVPITDPLMGTPIGIQPTVEGSTTIGAKYEYRQSVYRGTLDSNGKVACFLERKVLPTLSVLFCGEIDHFKNDTKIGCGLQFETAGNQELLMLQQG,325,3.074837026990503
e6v81A2,22,ELDTPAAVSVVDGEEMRLATPRINGQQPPTIEASSYYGSFGSWRYGLKATGATGDGTQPGDVDYTVSTTRFTTHGYRDHSGAQKNLANAKLGVRIDEASKLSLIFNSVDIKADDPGGLTKAEWKANPQQAPRAEQYDTRKTIKQTQAGLRYERSLSSRDDMSVMMYAGERETTQYQSIPMAPQLNPSHAGGVITLQRHYQGIDSRWTHRGELGVPVTFTTGLNYENMSENRKGYNNFRLNSGMPEYGQKGELRRDERNLMWNIDPYLQTQWQLSEKLSLDAGVRYSSVWFDSNDHYVTPGNGDDSGDASYHKWLPAGSLKYAMTDAWNIYLAAGRGFETPTINELSYRADGQSGMNLGLKPSTNDTIEIGSKTRIGDGLLSLALFQTDTDDEIVVDSSSGGRTTYKNAGKTRRQGAELAWDQRFAGDFRVNASWTWLDATYRSNVCNEQDCNGNRMPGIARNMGFASIGYVPEDGWYAGTEARYMGDIMADDENTAKAPSYTLVGLFTGYKYNYHNLTVDLFGRVDNLFDKEYVGSVIVNESNGRYYEPSPGRNYGVGMNIAWRF,565,1.805306120048179
