id,strands,seq,seq_len
e1af6A1,18,VDFHGYARSGIGWTGSGGEQQCFQTTGAQSKYRLGNECETYAELKLGQEVWKEGDKSFYFDTNVAYSVAQQNDWEATDPAFREANVQGKNLIEWLPGSTIWAGKRFYQRHDVHMIDFYYWDISGPGAGLENIDVGFGKLSLAATRSSEAGGSSSFASNNIYDYTNETANDVFDVRLAQMEINPGGTLELGVDYGRANLRDNYRLVDGASKDGWLFTAEHTQSVLKGFNKFVVQYATDSMTSQGKGLSQGSGVAFDNEKFAYNINNNGHMLRILDHGAISMGDNWDMMYVGMYQDINWDNDNGTKWWTVGIRPMYKWTPIMSTVMEIGYDNVESQRTGDKNNQYKITLAQQWQAGDSIWSRPAIRVFATYAKWDEKWGYDYTGNADNNANFGKAVPADFNGGSFGRGDSDEWTFGAQMEIWW,421
e1kmoA2,22,IPQDFGIEAGVEGQLSPTSSQNNPKETHNLMVGGTADNGFGTALLYSGTRGSDWREHSATRIDDLMLKSKYAPDEVHTFNSLLQYYDGEADMPGGLSRADYDADRWQSTRPYDRFWGRRKLASLGYQFQPDSQHKFNIQGFYTQTLRSGYLEQGKRITLSPRNYWVRGIEPRYSQIFMIGPSAHEVGVGYRYLNESTHEMRYYTATSSGQLPSGSSPYDRDTRSGTEAHAWYLDDKIDIGNWTITPGMRFEHIESYQNNAITGTHEEVSYNAPLPALNVLYHLTDSWNLYANTEGSFGTVQYSQIGKAVQSGNVEPEKARTWELGTRYDDGALTAEMGLFLINFNNQYDSNQTNDTVTARGKTRHTGLETQARYDLGTLTPTLDNVSIYASYAYVNAEIREKGDTYGNLVPFSPKHKGTLGVDYKPGNWTFNLNSDFQSSQFADNANTVKESADGSTGRIPGFMLWGARVAYDFGPQMADLNLAFGVKNIFDQDYFIRSYDDNNKGIYAGQPRTLYMQGSLKF,523
e1p4tA1,8,EGASGFYVQADAAHAKASSSLGSAKGFSPRISAGYRINDLRFAVDYTRYKNYKAPSTDFKLYSIGASAIYDFDTQSPVKPYLGARLSLNRASVDLGGSDSFSQTSIGLGVLTGVSYAVTPNVDLDAGYRYNYIGKVNTVKNVRSGELSAGVRVKF,155
e1prnA1,16,EISLNGYGRFGLQYVEDRGVGLEDTIISSRLRINIVGTTETDQGVTFGAKLRMQWDDGDAFAGTAGNAAQFWTSYNGVTVSVGNVDTAFDSVALTYDSEMGYEASSFGDAQSSFFAYNSKYDASGALDNYNGIAVTYSISGVNLYLSYVDPDQTVDSSLVTEEFGIAADWSNDMISLAAAYTTDAGGIVDNDIAFVGAAYKFNDAGTVGLNWYDNGLSTAGDQVTLYGNYAFGATTVRAYVSDIDRAGADTAYGIGADYQFAEGVKVSGSVQSGFANETVADVGVRFDF,289
e1qd5A1,12,AVRGSIIANMLQEHDNPFTLYPYDTNYLIYTQTSDLNKEAIASYDWAENARKDEVKFQLSLAFPLWRGILGPNSVLGASYTQKSWWQLSNSEESSPFRETNYEPQLFLGFATDYRFAGWTLRDVEMGYNHDSNGRSDPTSRSWNRLYTRLMAENGNWLVEVKPWYVVGNTDDNPDITKYMGYYQLKIGYHLGDAVLSAKGQYNWNTGYGGAELGLSYPITKHVRLYTQVYSGYGESLIDYNFNQTRVGVGVMLNDLF,257
e1qj8A1,8,ATSTVTGGYAQSDAQGQMNKMGGFNLKYRYEEDNSPLGVIGSFTYTEKSRTASSGDYNKNQYYGITAGPAYRINDWASIYGVVGVGYGKFQTTEYPTYKNDTSDYGFSYGAGLQFNPMENVALDFSYEQSRIRSVDVGTWIAGVGYRF,148
e1qjpA1,8,APKDNTWYTGAKLGWSQHENKLGAGAFGGYQVNPYVGFEMGYDWLGRMPYAYKAQGVQLTAKLGYPITDDLDIYTRLGGMVWRADTYSNVYGKNHDTGVSPVFAGGVEYAITPEIATRLEYQWTNGMLSLGVSYRFG,137
e1t16A1,14,AGFQLNEFSSSGLGRAYSGEGAIADDAGNVSRNPALITMFDRPTFSAGAVYIDPDVNISGTSPSGRSLKADNIAPTAWVPNMHFVAPINDQFGWGASITSNYGLATEFNDTYAGGSVGGTTDLETMNLNLSGAYRLNNAWSFGLGFNAVYARAKIERFAGDLGQLVAGQIMQSPAGQTQQGQALAATANGIDSNTKIAHLNGNQWGFGWNAGILYELDKNNRYALTYRSEVKIDFKGNYSSDLNRAFNNYGLPIPTATGGATQSGYLTLNLPEMWEVSGYNRVDPQWAIHYSLAYTSWSQFQQLKATSTSGDTLFQKHEGFKDAYRIALGTTYYYDDNWTFRTGIAFDDSPVPAQNRSISIPDQDRFWLSAGTTYAFNKDASVDVGVSYMHGQSVKINEGPYQFESEGKAWLFGTNFNYAFHHHHHH,427
e1tlyA1,12,LSDWWHQSVNVVGSYHTRFGPQIRNDTYLEYEAFAKKDWFDFYGYADAPVPLFMEIEPRFSIDKLTNTDLSFGPFKEWYFANNYIYDMGRNKDGRQSTWYMGLGTDIDTGLPMSLSMNVYAKYQWQNYGAANENEWDGYRFKIKYFVPITDLWGGQLSYIGFTNFDWGSDLGDDSGNAINGIKTRTNNSIASSHILALNYDHWHYSVVARYWHDGGQWNDDAELNFGNGNFNVRSTGWGGYLVVGYNFHHH,251
e1xkwA1,22,QREFAASTTLSAGRWDRYRAEVDVGGPLSASGNVRGRAVAAYEDRDYFYDVADQGTRLLYGVTEFDLSPDTLLTVGAQYQHIDSITNMAGVPMAKDGSNLGLSRDTYLDVDWDRFKWDTYRAFGSLEQQLGGGWKGKVSAEYQEADSRLRYAGSFGAIDPQTGDGGQLMGAAYKFKSIQRSLDANLNGPVRLFGLTHELLGGVTYAQGETRQDTARFLNLPNTPVNVYRWDPHGVPRPQIGQYTSPGTTTTTQKGLYALGRIKLAEPLTLVVGGRESWWDQDTPATRFKPGRQFTPYGGLIWDFARDWSWYVSYAEVYQPQADRQTWNSEPLSPVEGKTYETGIKGELADGRLNLSLAAFRIDLENNPQEDPDHPGPPNNPFYISGGKVRSQGFELEGTGYLTPYWSLSAGYTYTSTEYLKDSQNDSGTRYSTFTPRHLLRLWSNYDLPWQDRRWSVGGGLQAQSDYSVDYRGVSMRQGGYALVNMRLGYKIDEHWTAAVNVNNLFDRTYYQSLSNPNWNNRYGEPRSFNVSLRGAF,537
e2ervA1,8,ADVSAAVGATGQSGMTYRLGLSWDWDKSWWQTSTGRLTGYWDAGYTYWEGGDEGAGKHSLSFAPVFVYEFAGDSIKPFIEAGIGVAAFSGTRVGDQNLGSSLNFEDRIGAGLKFANGQSVGVRAIHYSNAGLKQPNDGIESYSLFYKIPI,150
e2f1vA1,8,EAGEFFMRAGSATVRPTEGAGGTLGSLGGFSVTNNTQLGLTFTYMATDNIGVELLAATPFRHKIGTRATGDIATVHHLPPTLMAQWYFGDASSKFRPYVGAGINYTTFFDNGFNDHGKEAGLSDLSLKDSWGAAGQVGVDYLINRDWLVNMSVWYMDIDTTANYKLGGAQQHDSVRLDPWVFMFSAGYRF,190
e2fgrA1,16,SVTLFGIVDTNVAYVNKDAAGDSRYGLGTSGASTSRLGLRGTEDLGGGLKAGFWLEGEIFGDDGNASGFNFKRRSTVSLSGNFGEVRLGRDLVPTSQKLTSYDLFSATGIGPFMGFRNWAAGQGADDNGIRANNLISYYTPNFGGFNAGFGYAFDEKQTIGTADSVGRYIGGYVAYDNGPLSASLGLAQQKTAVGGLATDRDEITLGASYNFGVAKLSGLLQQTKFKRDIGGDIKTNSYMLGASAPVGGVGEVKLQYALYDQKAIDSKAHQITLGYVHNLSKRTALYGNLAFLKNKDASTLGLQAKGVYAGGVQAGESQTGVQVGIRHAF,330
e2gskA1,22,DEPGTEISAGWGSNSYQNYDVSTQQQLGDKTRVTLLGDYAHTHGYDVVAYGNTGTQAQTDNDGFLSKTLYGALEHNFTDAWSGFVRGYGYDNRTNYDAYYSPGSPLLDTRKLYSQSWDAGLRYNGELIKSQLITSYSHSKDYNYDPHYGRYDSSATLDEMKQYTVQWANNVIVGHGSIGAGVDWQKQTTTPGTGYVEDGYDQRNTGIYLTGLQQVGDFTFEGAARSDDNSQFGRHGTWQTSAGWEFIEGYRFIASYGTSYKAPNLGQLYGFYGNPNLDPEKSKQWEGAFEGLTAGVNWRISGYRNDVSDLIDYDDHTLKYYNEGKARIKGVEATANFDTGPLTHTVSYDYVDARNAITDTPLLRRAKQQVKYQLDWQLYDFDWGITYQYLGTRYDKDYSSYPYQTVKMGGVSLWDLAVAYPVTSHLTVRGKIANLFDKDYETVYGYQTAGREYTLSGSYTF,461
e2hdiA1,22,IGQKWSGTVTVDTTIQEHRDRGDTYNGQFFTSGPLIDGVLGMKAYGSLAKREKDDPQNSTTTDTGETPRIEGFSSRDGNVEFAWTPNQNHDFTAGYGFDRQDRDSDSLDKNRLERQNYSVSHNGRWDYGTSELKYYGEKVENKNPGNSSPITSESNTVDGKYTLPLTAINQFLTVGGEMRHDKMSDAVNLTGGTSSKTSASQYALFVEDEWRIFEPLALTTGVRMDDHETYGEHWSPRAYLVYNATDTVTVKGGWATAFKAPSLLQLSPDWTSNSCRGACKIVGSPDLKPETSESWELGLYYMGEEGWLEGVESSVTVFRNDVKDRISISRTSDVNAAPGYQNFVGFETGANGRRIPVFSYYNVNKARIQGVETELKIPFNDEWKLSINYTYNDGRDVSNGENKPLSDLPFHTANGTLDWKPLALEDWSMYMSGHYTGQKRADSATAKTPGGYTIWNTGAAWQVTKDVKLRAGVLNLGDKDLSRDDYSYNEDGRRYFMAVDYRF,504
e2iahA3,22,THEFKGHVELGAGSWDNYRSELDVSGPLTESGNVRGRAVAAYQDKHSFMDHYERKTSVYYGILEFDLNPDTMLTVGADYQDNDPKGSGWSGSFPLFDSQGNRNDVSRSFNNGAKWSSWEQYTRTVFANLEHNFANGWVGKVQLDHKINGYHAPLGAIMGDWPAPDNSAKIVAQKYTGETKSNSLDIYLTGPFQFLGREHELVVGTSASFSHWEGKSYWNLRNYDNTTDDFINWDGDIGKPDWGTPSQYIDDKTRQLGSYMTARFNVTDDLNLFLGGRVVDYRVTGLNPTIRESGRFIPYVGAVYDLNDTYSVYASYTDIFMPQDSWYRDSSNKLLEPDEGQNYEIGIKGEYLDGRLNTSLAYFEIHEENRAEEDALYNSKPTNPAITYAYKGIKAKTKGYEAEISGELAPGWQVQAGYTHKIIRDDSGKKVSTWEPQDQLSLYTSYKFKGALDKLTVGGGARWQGKSWQMVYNNPRSRWEKFSQEDYWLVDLMARYQITDKLSASVNVNNVFDKTYYTNIGFYTSASYGDPRNLMFSTRWDF,542
e2lhfA1,8,ADNFVGLTWGETSNNIQKSKSLNRNLNSPNLDKVIDNTGTWGIRAGQQFEQGRYYATYENISDTSSGNKLRQQNLLGSYDAFLPIGDNNTKLFGGATLGLVKLEQDGKGFKRDSDVGYAAGLQAGILQELSKNASIEGGYRYLRTNASTEMTPHGGNKLGSLDLHSSSQFYLGANYKF,178
e2mafA1,8,GRGPYVQADLAYAYEHITHDYPEPTAPNKNKISTVSDYFRNIRTRSVHPRVSVGYDFGGWRIAADYARYRKWNNNKYSVNIENVRIRKENGIRIDRKTENQENGTFHAVSSLGLSAIYDFQINDKFKPYIGARVAYGHVRHSIDSTKKTIEVTTVPSNAPNGAVTTYNTDPKTQNDYQSNSIRRVGLGVIAGVGFDITPKLTLDAGYRYHNWGRLENTRFKTHEASLGVRYRF,233
e2porA1,16,EVKLSGDARMGVMYNGDDWNFSSRSRVLFTMSGTTDSGLEFGASFKAHESVGAETGEDGTVFLSGAFGKIEMGDALGASEALFGDLYEVGYTDLDDRGGNDIPYLTGDERLTAEDNPVLLYTYSAGAFSVAASMSDGKVGETSEDDAQEMAVAAAYTFGNYTVGLGYEKIDSPDTALMADMEQLELAAIAKFGATNVKAYYADGELDRDFARAVFDLTPVAAAATAVDHKAYGLSVDSTFGATTVGGYVQVLDIDTIDDVTYYGLGASYDLGGGASIVGGIADNDLPNSDMVADLGVKFKF,301
e2vdfA1,10,ANEFTVHTDLSSISSTRAFLKEKHKAAKHIGVRADIPFDANQGIRLEAGFGRSKKNIINLETDENKLGKTKNVKLPTGVPENRIDLYTGYTYTQTLSDSLNFRVGAGLGFESSKDSILHSSRQSWLAKVHADLLSQLGNGWYINPWSEVKFDLNSRYKLNTDINQKTNGWGFGLGANIGKKLGASIEAGPFYKQRTYKESGEFSVSLTIPKTSIREYGLRVGIKF,225
e2wjrA1,12,ALDVRGGYRSGSHAYETRLKVSEGWQNGWWASMESNTWNTIHDNKKENAALNDVQVEVNYAIKLDDQWTVRPGMLTHFSSNGTRYGPYVKLSWDATKDLNFGIRYRYDWKAYRQQDLSGDMSRDNVHRWDGYVTYHINSDFTFAWQTTLYSKQNDYRYANHKKWATENAFVLQYHMTPDITPYIEYDYLDRQGVYNGRDNLSENSYRIGVSFKL,214
e2x55A1,10,QLIPNISPDSFTVAASTGMLSGKSHEMLYDAETGRKISQLDWKIKNVAILKGDISWDPYSFLTLNARGWTSLASGSGNMDDYDWMNENQSEWTDHSSHPATNVNHANEYDLNVKGWLLQDENYKAGITAGYQETRFSWTATGGSYSYNNGAYTGNFPKGVRVIGYNQRFSMPYIGLAGQYRINDFELNALFKFSDWVRAHDNDEHYMRDLTFREKTSGSRYYGTVINAGYYVTPNAKVFAEFTYSKYDEGKGGTQTIDKNSGDSVSIGGDAAGISNKNYTVTAGLQYRFG,290
e2ynkA1,18,AGLVVNDNDLRNDLAWLSDRGVIHLSLSTWPLSQEEIARALKKAKPSYSSEQVVLARINQRLSALKADFRVTGYTSTDQPGTPQGFGQTQPADNSLGLAFNNSGEWWDVHLQGNVEGGERISNGSRFNANGAYGAVKFWNQWLSFGQVPQWWGPGYEGSLIRGDAMRPMTGFLMQRAEQAAPETWWLRWVGPWQYQISASQMNQYNAVPHAKIIGGRFTFSPIQSLELGASRIMQWGGKGRPESLSNFWDGLTGKDNTAANDPNEPGNQLAGFDFKFKLEPTLGWPVSFYGQMIGEDESGFLPSANMFLGGIEGHHGWGKDAVNWYLEAHDTRTNMSRTNYSYTHHIYKDGYYQQGYPLGDAMGGDGQLVAGKVELITEDNQRWSTRLVYAKVNPENQSINKAFPHADTLKGIQLGWSGDVYQSVRLNTSLWYTNANNSDSDDVGASAGIEIPFSL,456
e3aehA1,12,ARNDGQGKAAATFMHISYNNFITEVDNLNKRMGDLRDINGEAGTWVRLLNGSGSADGGFTDHYTLLQMGADRKHELGSMDLFTGVMATYTDTDASADLYSGKTKSWGGGFYASGLFRSGAYFDVIAKYIHNENKYDLNFAGAGKQNFRSHSLYAGAEVGYRYHLTDTTFVEPQAELVWGRLQGQTFNWNDSGMDVSMRRNSVNPLVGRTGVVSGKTFSGKDWSLTARAGLHYEFDLTDSADVHLKDAAGEHQINGRKDSRMLYGVGLNARFGDNTRLGLEVERSAFGKYNTDDAINANIRYSF,303
e3bryA1,14,VFNLEGFGPVSRAMGGTGAAFDIGPAAMMENPATLGLMGEGRHFSLGLDVVSTDIKVTNTATGETASSGNHGNNNGPYFAPQTAFVYRQGRYAFGAGIFAEGGLGTQYGGSSFLSRTSNGVDTGLDQFSRLLVLRVPFSAAYHVTDKLTVGASVDAVWTSLNLGTLLDVSQIGTLAGQGRVSGTLVPTLLGVPGLSGGYIDFSRNAPVGGGVQAWGIGGRLGLTYQVTPDTRIGAAYQAKTHVGDLTGQATLSAVSSVAGNIPLKGDVTVRNFQMPAQLTVGISHQFNDQLSVSADYQRVFWSSVMKDMNVGFVQSGSAANLDLSLPQNYRDISVFGIGAEYRYNAKWTFRGGFHYAQEAIPGNMLLAVVPATPTTSLTGGVSYAIGKNDVIDFALSVALRKTLDNASQPNTAVPISVTHSQVNAVIAYQKRF,433
e3bs0A1,14,DLEGYGAISRAMGGTSSSYYTGNAALISNPATLSFAPDGNQFELGLDVVTTDIKVHDSHGAEAKSSTRSNNRGPYVGPQLSYVAQLDDWRFGAGLFVSSGLGTEYGSKSFLSQTENGIQTSFDNSSRLIVLRAPIGFSYQATSKLTFGASVDLVWTSLNLELLLPSSQVGALTAQGNLSGGLVPSLAGFVGTGGAAHFSLSRNSTAGGAVDAVGWGGRLGLTYKLTDNTVLGAMYNFKTSVGDLEGKATLSAISGDGAVLPLDGDIRVKNFEMPASLTLGLAHQFNERWVVAADIKRAYWGDVMDSMNVAFISQLGGIDVALPHRYQDITVASIGTAYKYNNDLTLRAGYSYAQQALDSELILPVIPAYLKRHVTFGGEYDFDKDSRINLAISFGLRERVQTPSYLAGTEMLRQSHSQINAVVSYSKNF,429
e3cslA1,22,ASDFLAPGKELGGKLHASTGDNGTHFIGSGILALGNETGDILLAASERHLGDYWPGNKGDIGNIRINNDTGNYDRYAESIKNNKIPDTHYRMHSRLAKVGWNLPANQRLQLSYLQTQTASPIAGTLTNLGTRPPYELGWKRTGYTDVMARNAAFDYSLAPEDVDWLDFQAKLYYVDTQDDSDTYSTSSLLDNGYATRTRLRTYGAQAQNTSRFSLAPGHDFRANYGLEFYYDKATSDSSRQGMEGVTPAGNRSVASLFANLTYDYDGWLTLEGGLRYDRYRLRGQTGLSYPDLAKDGQRYTIDNPCKALRLTGCSTTTREDWDVDRDQGKLSPTLAVAVRPGVEWLELYTTYGKSWRPPAITETLTNGSAHSSSTQYPNPFLQPERSRAWEVGFNVQQPDLWFEGDRLVAKVAYFDTKVDNYINLAIDRNKPGLVQPSIGNAAYVNNLSKTRFRGLEYQLNYDAGVFYADLTYTHMIGKNEFCSNKAWLGGRLRYGDGSRRGNFYVEPDAASNDFVTCDGGTQFGSAAYLPGDRGSVTLGGRAFDRKLDAGVTVRFAPGYQDSSVPSNYPYLADWPKYTLFDLYASYKLTDSLTLRGSVENLTNRAYVVSYGETLANTLGRGRTVQGGVEYRF,633
e3dzmA1,8,HAAKFSVEAGAGFYGGFGGQLAVVAEDLAPGLPLGVRLGVGFATSDALDDGYDLGGGTTWGDVKEAGKFSEWGQNVTLSLDVLYKPSGLGLPVEVAPYFGVRYNFFSGGYTDPEDNLTIKAQTISSNQLGLGLGVRAAYPLMPNLSLVGDLGVDYYFQACFTRVEEDDSGNKSQSSVCPGDSGYEDVNKFVTQPEWVLKLRLGAAYRF,208
e3efmA1,22,LREFAATFNASVGSWDYVRGDADISVPITEDGRIRSRLVAAYSQGDSYVHFLDTRRRTFYGVVSADLTPDTVLTTSVEYQHNHSNGPWARQDTEATTYFVDLTHRFTNDWKLRAAYSHTDGRYLMKHVYRGGYPDRHTGIIAAPPAFSNYDGNLDRDDIHFSLSAPFEAFGLRHEVALGWMSIDNHSDIQRYAMTLSPADDVRTKQTGAYLVGRFALAEPLHLIVGDRWSDWKTKQMYFGSRREYRIKNQFTPYAGLTYDINDTYTAYASYTEIFQPQNARDTSGGILPPIKSKSYELGLKAAYLEGRLNTSAALFQTRQDNLAQVIPGSSIPGFPNMQASRAASGAKVEGIDLEASGQILPDWNIGASYTHFTTKDASGNPINTNHPRSLFKLYTTYRLPGALHRLTVGGGVDWQSRMYQAAASPRGNVEVEQDSYALVSLMARFDFNKKLSATLNVNNLRNVMLNLRAQY,472
e3fhhA2,22,DAKDLLQEGQSSGFRVFGTGGTGDHSLGLGASAFGRTENLDGIVAWSSRDRGDLRQSNGETAPNDESINNMLAKGTWQIDSAQSLSGLVRYYNNDAREPKNPQTVEASESSNPMVDRSTIQRDAQLSYKLAPQGNDWLNADAKIYWSEVRINAQNTGSSGEYREQITKGARLENRSTLFADSFASHLLTYGGEYYRQEQGSHHHHHHHPGGATTGFPQAKIDFSSGWLQDEITLRDLPITLLGGTRYDSYRGSSDGYKDVDADKWSSRAGMTINPTNWLMLFGSYAQAFRAPTMGEMYNDSKHFSIGRFYTNYWVPNPNLRPETNETQEYGFGLRFDDLMLSNDALEFKASYFDTKAKDYISTTVDFAAATTMSYNVPNAKIWGWDVMTKYTTDLFSLDVAYNRTRGKDTDTGEYISSINPDTVTSTLNIPIAHSGFSVGWVGTFADRSTHISSSYSKQPGYGVNDFYVSYQGQQALKGMTTTLVLGNAFDKEYWSPQGIPQDGRNGKIFVSYQW,515
e3fidA1,12,SSLAISVANDDAGIFQPSLNALYGHPAADRGDYTAGLFLGYSHDLTDASQLSFHIAQDIYSPSGANKRKPEAVKGDRAFSAFLHTGLEWNSLATNWLRYRLGTDIGVIGPDAGGQEVQNRAHRIIGAEKYPAWQDQIENRYGYTAKGMVSLTPAIDILGVNVGFYPEVSAVGGNLFQYLGYGATVALGNDKTFNSDNGFGLLSRRGLIHTQKEGLIYKVFAGVERREVDKNYTLQGKTLQTKMETVDINKTVDEYRVGATIGYSPVAFSLSLNKVTSEFRTGDDYSYINGDITFFF,296
e3fipA1,24,LMLDYNLNGTVSRNYQGGDSHQFSYNGTVGGNLGPWRLRADYQGSQEQSRYNGEKTTNRNFTWSRFYLFRAIPRWRANLTLGENNINSDIFRSWSYTGASLESDDYLTRPGQVRYKLVSGRSRGYGHETEGPVFATGEASWGLSNQWSLYGGAVLAGDYNALAAGAGWDLGVPGTLSADITQSVARIEGERTFQGKSWRLSYSKRFDNADADITFAGYRFSERNYMTMEQYLNARYRNDYSSREKEMYTVTLNKNVADWNTSFNLQYSRQTYWDIRKTDYYTVSVNRYFNVFGLQGVAVGLSASRSKYLGRDNDSAYLRISVPLGTGTASYSGSMSNDRYVNMAGYTDTFNDGLDSYSLNAGLNSGGGLTSQRQINAYYSHRSPLANLSANIASLQKGYTSFGVSASGGATIT,413
e3gp6A1,8,MNADEWMTTFRENIAQTWQQPEHYDLYIPAITWHARFAYDKEKTDRYNERPWGGGFGLSRWDEKGNWHGLYAMAFKDSWNKWEPIAGYGWESTWRPLADENFHLGLGFTAGVTARDNWNYIPLPVLLPLASVGYGPVTFQMTYIPGTYNNGNVYFAWMRFQFL,163
e3kvnA1,12,APWELTLLPEMAHGTLRAYQDELRSQWQADWENWQNVGQWRGFVGGGGQRLDFDSQDSAASGDGNGYNLTLGGSYRIDEAWRAGVAAGFYRQKLEAGAKDSDYRMNSYMASAFVQYQENRWWADAALTGGYLDYDDLKRKFALGGGERSEKGDTNGHLWAFSARLGYDIAQQADSPWHLSPFVSADYARVEVDGYSEKGASATALDYDDQKRSSKRLGAGLQGKYAFGSDTQLFAEYAHEREYEDDTQDLTMSLNSLPGNRFTLEGYTPQDHLNRVSLGFSQKLAPELSLRGGYNWRKGEDDTQQSVSLALSLDF,315
e3ohnA1,24,LLNYNFSGNSVQNRIGGNSHYAYLNLQSGLNIGAWRLRDNTTWSYNSSDRSSGSKNKWQHINTWLERDIIPLRSRLTLGDGYTQGDIFDGINFRGAQLASDDLLQREGHTRYSITAGEYRSGNAQQEKPRFFQSTLLHGLPAGWTIYGGTQLADRYRAFNFGIGKNMGALGALSVDMTQANSTLPDDSQHDGQSVRFLYNKSLNESGTNIQLVGYRYSTSGYFNFADTTYSRYNLAYNKRGKLQLTVTQQLGRTSTLYLSGSHQTYWGTSNVDEQFQAGLNTAFEDINWTLSYSLTKNAWQKGRDQMLALNVNIPFSHWLRSDSKSQWRHASASYSMSHDLNGRMTNLAGVYGTLLEDNNLSYSVQTGYAGGGDGNSGSTGYATLNYRGGYGNANIGYSHSDDIKQLYYGVSGGV,415
e3qlbA1,22,LDKPFHEVQIQGGSFDRAQGQFDFSGPLDDEGQFLYRLVGLERDSGTQFDHIKDDKQYFAPSFTWKPNDDTSLTLLADYTQDTFGAPRVFLPAQGTLLGNPNGKVRHNVFLDEPGLDNDRTQYSLGYLLEHRLNDVWSLNSSARYGHVNLLTNTASGMSLAPDLRTLNRAAYRFRIVGDTYSLDNNAQARWNLGSTQMVSLLGIDYRRTREDYYLRGGSASPIDIYNPVHHHHHHGGVFDPSTPFTNTVQRADQVGVYAQQQFTFDEHWVLTVGGRQDRSSARTDNRMNDSGSKQDDEKFTYRTGLVYLADNGLAPYISYSTSFDPVLGTNFYGTPYKPTSAKQSEVGVKYQPPGIDSYITLSLFDLTQENVLTTDPAQRLNKIQTGEINVRGIELEGKASLARGLDLLAALTYNDAEVSKSNNPLEKGKRPTDTPEKMASLWADYTLPEGPLSGLGFGAGVRYIGSTEADAANTQRVPSYTLLDAAVHYDFDKLIPAAKGLRLAVNATNLTDKHYYEGCSLTNCSAGYDRSVIASLRYRW,541
e3qq2A1,12,DAGGPWARTFSERQQISNRHARAYDQTVSGLEIGLDRGWSASGGRWYAGGLLGYTYADRTYPGDGGGKVKGLHVGGYAAYVGDGGYYLDTVLRLGRYDQQYNIAGTDGGRVTADYRTSGAAWSLEGGRRFELPNDWFAEPQAEVMLWRTSGKRYRASNGLRVKVDANTATLGRLGLRFGRRIALAGGNIVQPYARLGWTQEFKSTGDVRTNGIGHAGAGRHGRVELGAGVDAALGKGHNLYASYEYAAGDRINIPWSFHAGYRYSF,266
e3qraA1,8,MEGESSISIGYAQSRVKEDGYKLDKNPRGFNLKYRYEFNNDWGVIGSFAQTRRGFEESVDGFKLIDGDFKYYSVTAGPVFRINEYVSLYGLLGAGHGKAKFSSIFGQSESRSKTSLAYGAGLQFNPHPNFVIDASYEYSKLDDVKVGTWMLGAGYRF,157
e3sy7A2,18,DAFVSDQAEAKGFIEDSSLDLLLRNYYFNRDGKSGSGDRVDWTQGFLTTYESGFTQGTVGFGVDAFGYLGLKLDGTSDKTGTGNLPVMNDGKPRDDYSRAGGAVKVRISKTMLKWGEMQPTAPVFAAGGSRLFPQTATGVQLQSSEFEGLDLEAGHFTEGKEPTTVKSRGELYATYAGETAKSADFIGGRYAITDNLSASLYGAELEDIYRQYYLNSNYTIPLASDQSLGFDFNIYRTNDEGKAKAGDISNTTWSLAAAYTLDAHTFTLAYQKVHGDQPFDYIGFGRNGSGAGGDSIFLANSVQYSDFNGPGEKSWQARYDLNLASYGVPGLTFMVRYINGKDIDGTKMSDNNVGYKNYGYGEDGKHHETNLEAKYVVQSGPAKDLSFRIRQAWHRANADQGEGDQNEFRLIVDYPLSIL,420
e3sy9A2,18,EGFIEGSSLQLLTRNYYFNHDRRHASGHDSKEWAQGFIATFQSGYTPGVVGFGVDAYGMLGLKLYESGKAPDEFSSGGAALKIRAFDTELKLGDQFLSNPVVAGGESRMLPQTFRGVSLTNNSFEDLTLTAGQVSFTKYYNQSGHRRLGSYYGELPGDRDSHHLSWLGGTWGGIEGFTSSLYAAELQNVWKQYYADVDYTYEIDDNWSLNPGAHYYKTVDSGDSLLGRIDNNTYSLHFAVGYRQHTVTAVLQKVNGNTPFDYINQGDSIFLDNSQQYSDFNGPNEKSWKLQYDYDFVALGVPGLSASASYSRGKLDLTRVDPDSPGYGGWYSADGKNAKHWERDLDLQYVVQGGPAKDLSLRLRWATHRGTGGYSAVDNDIDEYRVIVDYPIDVF,395
e3sybA2,18,PAPDNPSYAAEVQSIPSVAKPIKGQAGATGLVEGQSLTLTTRNFYSRENQRNAWVQGTVLKYSSGYTQGTVGFGFDVAAFNEIALGEWSKLGVANIRLRASNTEFKAGRFLVNTPVFSYIDNRALPSSFTGFAVTSEELDNLSLQAGSFRKVSPRTGSGDEDMTTEYGTRQVKGDRLNYLGGNYKPLDGLEISLYGSHFQDVWNQYYLGVTHDIGDLENGIALRTAFNGYHTGDTGAREAGYIDNDTWSLAFTLGHRAHALTLAYQQVDGNEYFDYVHETSAIFLANSMLADYNSPNEKSAQIRYETDWSYYGVPGLSTGVWYVKGWDIDGTHYDGDRNGAYGNYAEVRAQDGEKHHELGLMAAYKVQNGPIKDSTFKLTYMMHKASQNQIDGSVNELRLVSTFPFNLL,409
e3sysA1,18,GFLEDAKTDLVLRNYYFNRDFRDHDAGKSLVDEWAQGFILKFSSGYTPGTVGVGLDAIGLFGVKLNSGRGTSNSELLPLHDDGRAADNYGRVGVAAKLRVSASELKIGEMLPDIPLLRYDDGRLLPQTFRGFAVVSRELPGLALQAGRFDAVSLRNSADMQDLSAWSAPTQKSDGFNYAGAEYRFNRERTQLGLWHGQLEDVYRQSYANLLHKQRVGDWTLGANLGLFVDRDDGAARAGEIDSHTVYGLFSAGIGLHTFYLGLQKVGGDSGWQSVYGSSGRSMGNDMFNGNFTNADERSWQVRYDYDFVGLGWPGLIGMVRYGHGSNATTKAGSGGKEWERDVELGYTVQSGPLARLNVRLNHASNRRSFNSDFDQTRLVVSYPLSW,387
e3szvA1,18,DLVEDSHASLELRNFYFNRDFRQSGARDNADEWAQGFLLRLESGFSEGTVGFGVDAIGLLGFKLDSQDDYAKLGLTAKARVSNSLLKVGALHFKSPLVSANDTRLLPELFRGALLDVQEIDGLTLRGAHLDRNKLNSSSDYQVFSANRIGGRSDAFDFAGGDYRLTPALTASLHQGRLKDIYRQTFAGLVHTLDLGGQRSLKSDLRFARASEDGGFRELDNRAFGALFSLRLGAHAVAAGYQRISGDDPYPYIAGSDPYLVNFIQIGDFGNVDERSWQLRYDYDFGALGLPGLSFMSRYVSGDNVARGAANDGKEWERNTDLGYVVQSGPLKNLGVKWRNATVRSNFANDLDENRLILSYSLALW,365
e3t0sA1,18,LADSSAHLDLRNFYQLRDYRQHDAPQSQAGNWSQGFVLRLQSGFTGGPLGFGLDATGLLGVKLDSGRGRSNDGTLPFGANSKEPVDDYSHLGLTAKLRYSQTQLQVGILMPQLPVAFRDDVRLLPQTFDGALLTSSEIEGLTLTAGQLWKSRTRESAGSDDMYIMGRDKAHASDEFNLAGATYAFTPRLSASYYYGQLKDIYRQHYLGLLHTLPLGEGLSLRSDLRYFDSGEDGAAISGPVDNRNLNAMLTLRAGAHAFGIGVQKMIGNDAFPVLNGYTTPYVANLMAYQTFTRPQEKSWQLRYDYDFAGLGLPGLNLMTRYVQGRDIDRGAGRADDSEWERNTDLSYVIQSGPLKSVALKWRNITYRSRYGADLDENRFIVNYTLKLW,389
e3v8xA1,22,DVIGEGRQWGIQSKTAYSGKNRGLTQSIALAGRIGGAEALLIHTGRRAGEIRAHEDAGRGVQSFNRLVPVEDSSNYAYFIVKEECKNGSYETCKANPKKDVVGKDERQTVSTRDYTGPNRFLADPLSYESRSWLFRPGFRFENKRHYIGGILEHTQQTFDTRDMTVPAFLTKAVFDANKKQAGSLPGNGKYAGNHKYGGLFTNGENGALVGAEYGTGVFYDETHTKSRYGLEYVYTNADKDTWADYARLSYDRQGVGLDNHFQQTHCSADGSDKYCRPSADKPFSYYKSDRVIYGESHRLLQAAFKKSFDTAKIRHNLSVNLGFDRFGSNLRHQDYYYQHANRAYSSNTPPQNNGKKISPNGSETSPYWVTIGRGNVVTGQICRLGNNTYTDCTPRSINGKSYYAAVRDNVRLGRWADVGAGLRYDYRSTHSDDGSVSTGTHRTLSWNAGIVLKPTDWLDLTYRTSTGFRLPSFAEMYGWRAGVQSKAVKIDPEKSFNKEAGIVFKGDFGNLEASWFNNAYRDLIVRGYEAQIKDGKEEAKGDPAYLNAQSARITGINILGKIDWNGVWDKLPEGWYSTFAYNRVRVRDIKKRADRTDIQSHLFDAIQPSRYVVGLGYDQPEGKWGVNGMLTYSKAKEITELLGSRALLNGNSRNTKATARRTRPWYIVDVSGYYTVKKHFTLRAGVYNLLNYRYVTWENVRQTAGGAVNQHKNVGVYNRYAAPGRNYTFSLEYKF,736
e4afkA1,18,EAPKNFGLDVKITGESENDRDLGTAPGGTLNDIGIDLRPWAFGQWGDWSAYFMGQAVAATDTIETDTLQSDTDDGNNSRNDGREPDKSYLAAREFWVDYAGLTAYPGEHLRFGRQRLREDSGQWQDTNIEALNWSFETTLLNAHAGVAQRFSEYRTDLDELAPEDKDRTHVFGDISTQWAPHHRIGVRIHHADDSGHLRRPGEEVDNLDKTYTGQLTWLGIEATGDAYNYRSSMPLNYWASATWLTGDRDNLTTTTVDDRRIATGKQSGDVNAFGVDLGLRWNIDEQWKAGVGYARGSGGGKDGEEQFQQTGLESNRSNFTGTRSRVHRFGEAFRGELSNLQAATLFGSWQLREDYDASLVYHKFWRVDDDSDIGTSGINAALQPGEKDIGQELDLVVTKYFKQGLLPASMSQYVDEPSALIRFRGGLFKPGDAYGPGTDSTMHRAFVDFIWRF,454
e4aipA1,22,LLKGLDKNWGVRLNSGFASNNGVSYGASVFGKEGNFDGLFSYNRNDEKDYEAGKGFRNVNGGKTVPYSALDKRSYLAKIGTTFGDDDHRIVLSHMKDQHRGIRTVREEFTVGDKSSRINIDRQAPAYRETTQSNTNLAYTGKNLGFVEKLDANAYVLEKERYSADDSGTGYAGNVKGPNHTRITTRGANFNFDSRLAEQTLLKYGINYRHQEIKPQAFLNSKFSIPTTEEKNGQKVDKPMEQQMKDRADEDTVHAYKLSNPTKTDTGVYIEAIHDIGDFTLTGGLRYDRFKVKTHDGKTVSSSNLNPSFGVIWQPHEHWSFSASHNYASRSPRLYDALQTHGKRGIISIADGTKAERARNTEIGFNYNDGTFAANGSYFWQTIKDALANPQNRHDSVAVREAVNAGYIKNHGYELGASYRTGGLTAKVGVSHSKPRFYDTHKDKLLSANPEFGAQVGRTWTASLAYRFQNPNLEIGWRGRYVQKATGSILAAGQKDRKGNLENVVRKGFGVNDVFANWKPLGKDTLNVNLSVNNVFNKFYYPHSQRWTNTLPGVGRDVRLGVNYKF,566
e4c00A4,16,TENTIETGVGYSTDVGPRVKATWKKPWMNSYGHSLTTSTSISAPEQTLDFSYKMPLLKNPLEQYYLVQGGFKRTDLNDTESDSTTLVASRYWDLSSGWQRAINLRWSLDHFTQGEITNTTMLFYPGVMISRTRSRGGLMPTWGDSQRYSIDYSNTAWGSDVDFSVFQAQNVWIRTLYDRHRFVTRGTLGWIETGDFDKVPPDLRFFAGGDRSIRGYKYKSIAPKYANGDLKGASKLITGSLEYQYNVTGKWWGAVFVDSGEAVSDIRRSDFKTGTGVGVRWESPVGPIKLDFAVPVADKDEHGLQFYIGLGPEL,314
e4cu4A2,22,TTEPLKEVQFKAGTDSLFQTGFDFSDSLDDDGVYSYRLTGLARSANAQQKGSEEQRYAIAPAFTWRPDDKTNFTFLSYFQNEPETGYYGWLPKEGTVEPLPNGKRLPTDFNEGAKNNTYSRNEKMVGYSFDHEFNDTFTVRQNLRFAENKTSQNSVYGYGVCSDPANAYSKQCAALAPADKGHYLARKYVVDDEKLQNFSVDTQLQSKFATGDIDHTLLTGVDFMRMRNDINAWFGYDDSVPLLNLYNPVNTDFDFNAKDPANSGPYRILNKQKQTGVYVQDQAQWDKVLVTLGGRYDWADQESLNRVAGTTDKRDDKQFTWRGGVNYLFDNGVTPYFSYSESFEPSSQVGKDGNIFAPSKGKQYEVGVKYVPEDRPIVVTGAVYNLTKTNNLMADPEGSFFSVEGGEIRARGVEIEAKAALSASVNVVGSYTYTDAEYTTDTTYKGNTPAQVPKHMASLWADYTFFDGPLSGLTLGTGGRYTGSSYGDPANSFKVGSYTVVDALVRYDLARVGMAGSNVALHVNNLFDREYVASCFNTYGCFWGAERQVVATATFRF,558
e4d5bA1,14,AFDESFFSFGGHVGTSVEYEDKVTRGFNNTDKKEKTITNEVFNFFYNNPQWNFMGFYSFKIENREQKEPGYYENEDGIKQLFSLNKGHDLGNGWATGLIYELEYTRSKVYSPDVSGLRKNLAEHSIRPYLTYWNNDYNMGFYSNLEYLLSKEDRNAWGKRQEQGYSALFKPYKRFGNWEVGVEFYYQIKTNDEKQPDGTINEKSDFNERYIEPIVQYSFDDAGTLYTRVRVGKNETKNTDRSGGGNAGINYFKDIRKATVGYEQSIGESWVAKAEYEYANEVEKKSRLSGWEARNKSELTQHTFYAQALYRF,312
e4e1sA1,12,QHYGTAEVNLQSGNNFDGSSLDFLLPFYDSEKMLAFGQVGARYIDSRFTANLGAGQRFFLPANMLGYNVFIDQDFSGDNTRLGIGGEYWRDYFKSSVNGYFRMSGWHESYNKKDYDERPANGFDIRFNGYLPSYPALGAKLIYEQYYGDNVALFNSDKLQSNPGAATVGVNYTPIPLVTMGIDYRHGTGNENDLLYSMQFRYQFDKSWSQQIEPQYVNELRTLSGSRYDLVQRNNNIILEYK,242
e4e1tA1,12,MNRFGTAQVNLNFDKNFSLKESSLDWLAPWYDSASFLFFSQLGIRNKDSRNTLNLGVGIRTLENGWLYGLNTFYDNDLTGHNHRIGLGAEAWTDYLQLAANGYFRLNGWHSSRDFSDYKERPATGGDLRANAYLPALPQLGGKLMYEQYTGERVALFGKDNLQRNPYAVTAGINYTPVPLLTVGVDQRMGKSSKHETQWNLQMNYRFGESFQSQLSPSAVAGTRLLAESRYNLVDRNNNIVLEYQ,245
e4epaA1,22,TPRGYIEGGVSSRDSYRSKFNLSGPIQDGLLYGSVTLLRQVDDGDMINPATGSDDLGGTRASIGNVKLRLAPDDQPWEMGFAASRECTRATQDAYVGWNDIKGRKLSISDGSPDPYMRRCTDSQTLSGKYTTDDWVFNLISAWQQQHYSRTFPSGSLIVNMPQRWNQDVQELRAATLGDARTVDMVFGLYRQNTREKLNSAYDMPTMPYLSSTGYTTAETLAAYSDLTWHLTDRFDIGGGVRFSHDKSSTQYHGSMLGNPFGDQGKSNDDQVLGQLSAGYMLTDDWRVYTRVAQGYKPSGYNIVPTAGLDAKPFVAEKSINYELGTRYETADVTLQAATFYTHTKDMQLYSGPVRXQTLSNAGKADATGVELEAKWRFAPGWSWDINGNVIRSEFTNDSELYHGNRVPFVPRYGAGSSVNGVIDTRYGALMPRLAVNLVGPHYFDGDNQLRQGTYATLDSSLGWQATERMNISVYVDNLFDRRYRTYGYMNGSSAVAQVNMGRTVGINTRIDFF,514
e4fqeA1,12,VSIDYRHEMQDTAQAGHKDRLLISHRFANGFGLSSEVKWAQSSADKTPNKPFNEQVSNGTEVVASYVYKFNSVFSIEPGFSLESGSSNNNYRPYLRGRANVTDDLSVALRYRPYFKRNSGNIGKDNTMDKGYTLTGNIDYTFLKDYTIGYELEYKKGTSGKTILSDNDDYDITHNVKLSYKWDKNWKPYVEVGNVSGSETTDERQTRYRVGVQYSF,216
e4frxA1,18,AGFIEDSKASLTLRNFYINTDNRNGTASPSKQEEWGQGFILNYQSGFTQGTVGFGVDALGLLGVRLDGGGRAGKSGLDRQPGTVFPLESNGEPVHDFASLGLTAKAKVSNTEFRYGTLQPKLPVVTYNDGRLLPVTFEGGQVTSTDLKDFTLVAGQLEHSKGRNSTDNRSLSIAGANGSSASSRDSNKFYYAGGDYKVNKDLTLQYYYGNLDDFYKQHFLGLIHNWQIGPGVLKTDLRAFDSSSDGKNGSRSGRADGYVSSGYYGSGVTKGEVDNRAFSGLFTYTVSGHSIGAGYQILNGDSDFPFLNRGDGEGSTAYLITDVQIGKFQRAGERTWQVRYGYDFATVGVPGLTFNTIYLSGDKIKTARGDQSEWERDISLAYVIPDGTFKGLGFTWKNASFRSGLPAAGSSNNQRDQDENRLIVSYTLPLL,431
e4fsoA1,18,EDGSARLEARTVYFNRDFRDGSSANPQGASKREEAAQGFILDLRSGYTEGALGFGVDTLAMLGIQYAKAGVAGKMRFSQTQFRYGAMLPDMPLLKYNDGRLLPTLFHGAQLTSEEIAGLRFSATRLERYTARDSSDAQDIRLHCKNKRYACDTTGNRFDAYQLDYQVNDGLLLQYAQGGLRNVYRQRYLGAVGKRQVGAGKLSADLRWFDSEDAGAARAGKIDNRALSLLLAYAQGGHTLSAGWQRMNGASSMPYLDGSNPYLANYLQVNDFANPEERSWQLRYDFDLRSVGVPGLSFMTRYVNGDHIRLANGDEGKEWERDIELKYIVQSGRFKDLSLRLRNATYRTDFERSARDVDEVRLIASYNLSLF,371
e4fspA1,18,EGFLEDSRASLALRNFYMNRDFRDGAGRAKSEEWAQGFLFDYRSGYTEGTLGVGLDLLGKLGVRLDYARLDATAKLRLSRSELKVGGLVPKLPTIQPNYGRLFPQVFQGALLTSGELSGLSLNLGRLTEVSQRNEAGTSDLALFNRNRRFAGAAQADRFDLAGLDYRIAPDWTGSYHYGELEQVYAQHFLGLKGRIGIAADSLESDLRLALSRDTGGARGGRIDNRSFSGSLTYRLRNGQAFGLGYQRMSGDHGFPYLEGTDPYLVNFGQYNDFAEAGESSWQLRYDCDFAPLGVPGLSLMTRYFSGHGAKPKGADGSREWERDSDLRYVLQGGALKGLGLVWRNATYRSAFSRDIDENRLYLTYELPLF,370
e4fuvA1,8,KNQLIPVGARAEVGTTGYGGALLWQANPYVGLALGYNGGDISWSDDVKVNGSTYDLDMDNNNVYLNAEIRPWGASTNRWAQGLYVAAGAAYLDNDYDLTRNVDATRSFRVNNQDFIAGADGVKINGQMSYKNDIAPYLGFGFAPKINKNWGVFGEVGAYYTGNPTVKLVSSGSAVTTGDQSLEEAVNAEARKIANDDKYKWLPVGKVGVNFFW,213
e4geyA1,16,EAFSSESKWMTGDWGGTRTELLDKGYDFTLDYVGEVAGNLHGGYNDDKTARYSDQFALGAHLDLQKILGWHDAEFKLAITERSGRNLSNDRISDPRAGQFSSVQEVWGRGQTWRLTQMWIKQKYFDGALDVKFGRFGEGEDFNSFPCDFQNLAFCGSQVGNWVGGIWYNWPVSQWALRVKYNITPAFFVQVGAFEQNPSNLETGNGFKLSGSGTKGAIMPMEAVWSPKVNGLPGEYRLGYYYSTAKADDVYDDVNGNPQALTGEAFKSHSSKHGWWVVAQQQVTAHGGDVNRGLSLFANFTVHDKATNVVDNYQQVGLVYKGAFDARPKDDIGFGVARIHVNDDVKKRAELLNAQSGINDYDNPGFVPLQRTEYNAELYYGFHVTNWLTVRPNLQYIKSPGGVDEVDNALVAGLKIQSSF,420
e4k3bA6,16,STGSLDLSAGWVQDTGLVMSAGVSQDNLFGTGKSAALRASRSKTTLNGSLSFTDPYFTADGVSLGYDIYGKAFDPRKASTSVKQYKTTTAGGGVRMGIPVTEYDRVNFGLAAEHLTVNTYNKAPKRYADFIRKYGKTDGADGSFKGLLYKGTVGWGRNKTDSASWPTRGYLTGVNAEIALPGSKLQYYSATHNQTWFFPLSKTFTLMLGGEVGIAGGYGRTKEIPFFENFYGGGLGSVRGYESGTLGPKVYDEYGEKISYGGNKKANVSAELLFPMPGAKDARTVRLSLFADAGSVWDGRTYTAAENGNNKSVYSENAHKSTFTNELRYSAGGAVTWLSPLGPMKFSYAYPLKKKPEDEIQRFQFQLGTTF,371
e4k3cA3,16,NTGSINFGVGYGSGSGLSYNAGITQDNFLGMGSSLGLNGSRNTDSTNVNLSYTEPYFTKDGVSLGGNIFYEDYDNSARKASAAYKRKTYGASGTLGFPVDENNSYYLGLGYTHDKLRNVEREYTREKYVNSMKFPINPQNSHYDRIQSADFDLSFGWNYNNLNRGYFPTAGSSANISGKLTLPGSDNKYYQVGTNFSGYIPLNSEHKWVIATKGGLAYTNSFGGKEVPFYQLYSAGGMGSLRGFAGGSIGPKAIYYREDGFKAPSQDVIGGNAMVNASLELIIPAPFISDKYQHNVRTSVFVDAATVWNTKWKQSKADYPNLPDFGDYKRVRASAGIALQWQSPIGPLSFSYAKPIKKYAGDEIEQFQFTVGSTF,375
e4meeA1,12,QYRPENGSYATNMTLANSLFLMDLNERKQSASVWMRITGGRSSGKLNDGQNKTTTNQFINQLGGDIYKFHAEQLGDFTLGIMGGYANAKGKTINYTSNKAARNTLDGYSVGVYGTWYQNGENATGLFAETWMQYNWFNASVKGDGLEEEKYNLNGLTASAGGGYNLNVHTWTSPEGITGEFWLQPHLQAVWMGVTPDTHQEDNGTVVQGAGKNNIQTKAGIRASWKVKSTLDKDTGREFSPYIEANWIHNTHEFGVKMSDDSQLLSGSRNQGEIKTGIEGVITQNLSVNGGVAYQAGGHGSNAISGALGIKYSF,314
e4n75A1,16,MNFGIGYGTESGVSFQAGVQQDNWLGTGYAVGINGTKNDYQTYAELSVTNPYFTVDGVSLGGRLFYNDFQADDADLSDYTNKSYGTDVTLGFPINEYNSLRAGLGYVHNSLSNMQPQVAMWRYLYSMGEHPSTSDQDNSFKTDDFTFNYGWTYNKLDRGYFPTDGSRVNLTGKVTIPGSDNEYYKVTLDTATYVPIDDDHKWVVLGRTRWGYGDGLGGKEMPFYENFYAGGSSTVRGFQSNTIGPKAVYFPHQASNYDPDYDYECATQDGAKDLCKSDDAVGGNAMAVASLEFITPTPFISDKYANSVRTSFFWDMGTVWDTNWDSSQYSGYPDYSDPSNIRMSAGIALQWMSPLGPLVFSYAQPFKKYDGDKAEQFQFNIGKTW,385
e4q35A2,26,SGFLIPNAKYTTTNYFEFYLPYYWNIAPNMDATITPHYMHRRGNIMWENEFRYLSQAGAGLMELDYLPSDKVYEDEHPNDDSSRRWLFYWNHSGVMDQVWRFNVDYTKVSDPSYFNDFDNKYGSSTDGYATQKFSVGYAVQNFNATVSTKQFQVFSEQNTSSYSAEPQLDVNYYQNDVGPFDTRIYGQAVHFVNTRDDMPEATRVHLEPTINLPLSNNWGSINTEAKFLATHYQQTNLDWYNSRNTTKLDESVNRVMPQFKVDGKMVFERDMEMLAPGYTQTLEPRAQYLYVPYRDQSDIYNYDSSLLQSDYSGLFRDRTYGGLDRIASANQVTTGVTSRIYDDAAVERFNISVGQIYYFTESRTGDDNITWENDDKTGSLVWAGDTYWRISERWGLRGGIQYDTRLDNVATSNSSIEYRRDEDRLVQLNYHYASPEYIQATLPKYYSTAEQYKNGISQVGAVASRPIADRWSIVGAYYYDTNANKQADSMLGVQYSSCCYAIRVGYERKLNGWDNDKQHAVYDNAIGFNIELRGLSSNYGLGTQEMLRSNILPYQNTL,559
e4qkyA1,16,LPRVSLGMDNSGPGTPENGRYKYNASVTANDLLGLNDTLGLYIGNRYYRDAGHDAERNYDLMYSVPLGRTRLDLQTGYSTYRNLLKTRYGQYQSAGNSRSFGLKATRLLYRDTRSQFSVYGGLKLRQNKNYLAGTRLDVSSKHYSDVTVGMQYSTQRGANAYFGDLSFTRGVGVNNGKYAAYDERGPQGNVSRFNGSLAWTRYMALAGQPIQWASQLGFQYSRQQLLNSYQITVGDEYTVRGYNLRTSQSGDSGVYLSNTLTVPVQFSLLGKQASVAPFVGADVGALKSNHPDARTIRMAGLAAGVRFDLPYARMSFTYSKPVGAQPGGAPRAPVWLYINAGLSF,345
e4rdrA2,22,ADGKIPEKMPENGVSGELGLRLSSGNLEKLTSGGINIGLGKNFVLHTEGLYRKSGDYAVPRYRNLKRLPDSHADSQTGSIGLSWVGEKGFIGVAYSDRRDQYGLPAHSHEYDDCHADIIWQKSLINKRYLQLYPHLLTEEDIDYDNPGLSCGFHDDDNAHAHTHSGRPWIDLRNKRYELRAEWKQPFPGFEALRVHLNRNDYRHDEKAGDAVENFFNNQTQNARIELRHQPIGRLKGSWGVQYLQQKSSALSAISEAVKQPMLLDNKVQHYSFFGVEQANWDNFTLEGGVRVEKQKASIQYDKALIDRENYYNHPLPDLGAHRQTARSFALSGNWYFTPQHKLSLTASHQERLPSTQELYAHGKHVATNTFEVGNKHLNKERSNNIELALGYEGDRWQYNLALYRNRFGNYIYAQTLNDGRGPKSIEDDSEMKLVRYNQSGADFYGAEGEIYFKPTPRYRIGVSGDYVRGRLKNLPSLPGREDAYGNRPFIAQDDQNAPRVPAARLGFHLKASLTDRIDANLDYYRVFAQNKLARYETRTPGHHMLNLGANYRRNTRYGEWNWYVKADNLLNQSVYAHSSFLSDTPQMGRSFTGGVNVKF,600
e4rjwA1,16,GTVTTDGADIVIKTKGGLEVATTDKEFSFKLGGRLQADYSRFDGFYTKNGNTADAAYFRRAFIELGGTAYKDWKYQINFDLSHNTGSSDNGYFDEASVTYTGFNPVNLKFGRFDPDFGLEKATSSKWVTAPERNAAYELADWINTHQDGMGAQVNSTLADMAYLSAGVSAKDADDSDGDSVKQFNFRGVFAPMHEAGNVLHVGVNYAYRDLDDTAFDSRIRPRLGMRGIATSGGNDAGDNGNRATFGGVSNSPAGSYKDDSVWGLEGAWAMGPFSAQAEYLARKLKADDNAYKDIKAKGYYAQLAYTLTGESRQYKLEGAKFDSVKPENKEIGAWEVFYRYDNIKVEDDNVVADTATREVGDTKAKAHNLGVNWYVNDAVKISAAYVKAKTDKITNNNGDDDGDGFVTRLQYVF,414
e4rl8A1,12,EVDPGDYEALPVGATIGVVYYQHSTTDSAYANGHKVSSDFKLTSNVGILRLLHVYQLTDRLTLEPQFLLPFGRVSSSGDASALGDTSGVGDLTLTAPLKYRLNEANDILGATVYLTAPTGNYNRDDALNLGENRWKVDLQAAYVKHLGEKWAVDLVGDAIWYSDNDDFGSSSARREQDVSYGAQLMGRYIVDPGTSLAIGLGHTWGGENQIDGTAQDDRAETTNFRVTANKFFTAKDQLQMQLGRDLAVENGPKENFRLNLRYVRVF,267
e4rlcA1,8,QGQNSVEIEAFGKRYFTDSVRNMKNADLYGGSIGYFLTDDVELALSYGEYHDVRGTYETGNKKVHGNLTSLDAIYHFGTPGVGLRPYVSAGLAHQNITNINSDSQGRQQMTMANIGAGLKYYFTENFFAKASLDGQYGLEKRDNGHQGEWMAGLGVGFNF,160
e4y25A1,16,DVHNLAELRIAGSTGIDAEGPDSGKHDVDLTTIVYSPPLKDNWRGFAGFGYADGQFSEGKGIVRDWLAGVEWRSRNIWLEAEYAERVFNHEHKPGARLSGWYDFNDNWRIGSQLERLSHRVPLRAMKNGVTGNSAQAYVRWYQNERRKYGVSWAFTDFSDSNQRHEVSLEGQERIWSSPYLIVDFLPSLYYEQNTEHDTPYYNPIKTFDIVPAFEASHLLWRSYENSWEQIFSAGVGASWQKHYGTDVVTQLGYGQRISWNDVIDAGATLRWEKRPYDGDREHNLYVEFDMTFRFR,296
e4zgvA1,22,KTMDPKLDKSSGKISYRTTRDSWTKYHISEVISEEFYSGTNLYYQPKFKKHFYSATFNQPLSDKAGFIFAYNRQQSDIPYYHEYLQQWDDQERINETYLLKGTYLTDSGDIIRMTGMYSPHESKFYKKDVKNGGFTNSGGGYRFNMEWEHNASWGKMTSLAGYQYTEDKTEHEADSYQTWRRFSSGFVSNVIDWSSSGGANGQNSNIGGYGSFATNTSSFSLKQDYELNPVSWYGINHQIDFGWETDFYTSRYRRFSDVYTGGVLVVPTGASAGSVVCQSGDELCIPGEQYSRTRILYPERNVQVSNVNYAAYLQNSMSYGRLEVTPGVRVSYDDFLENLNIAPRFSASYDVFGDRSTRLFGGANRYYAGNILAYKMRQGIGSNIQESRISPTAPWTTPTLRTGTNYNVSDLNTPYSDELSLGLSQRVMSTVWTAKWVNRQGKEQFGRETTTIDGQSYRVMNNKGHTEGNTFSLEVEPISPHRFSFAEVNWKLGASVTKNKSNSIYYYDSANQDEQRVIFDDKLMYRGDIDAMNFNTPWRAFLNVNTYFPAVRLSWDQRVGYTAGYKGYTTSSIQVQCPGGSSACNGDPSFVGGATEYFPTQYDDFISYDWRFSYSQPVYKTQTLDITLDVLNVLDNVVETNQTGTSNKPIVIYKPGRQFWLGVAYTW,668
e5dl5A1,18,SEQSEAKGFVEDANGSILFRTGYLTRDKKQGAKDTSSVAQSAIVSIESGFTPGIVGFGVGVVGDGSFKIGENKNAGNQMIPKHNDGSAYDHWARGGGSVKARFSNTTVRYGTQVLDLPVLASNTGRMVPEYFTGTLLTSHEIKNLEVVAGKFTKDQMSDQINTDADASGRGLDRAIVWGAKYKFNDNLNASYYGLDSKNALERHYANVNFKQPLANDSSLTYDFSGYHTKFDANAHTYSATGTVAPNYAADGIAGEEKTNNIWAISGTYATGPHSVMLAYQQNTGNVGYDYGQNADGFQSIYLPNSYMSDFIGNHEKSAQIQYNVDFGKLGVLPGLNWTTAFVYGWDIKVRNVTDDAQEREFFNQVKYTVQSGFAKDASLRIRNSYYRASDAYQGAYIGDTNEWRIFLDIPVKLF,415
e5dl6A1,18,GSFIDNSSVELTTRNFYFDRDYQEQSAYPAAKDWTQGFILKANSGYTEGTIGFGLDVLATAGFKLDADAEHGGTGNLPRDTRTNEPADSYGEIGVTAKAKMSQTELRIGTLMPMNPVLVASPARLLPQTYRGISLTSKDIKDFDLQAAYLDKVNHRDSTNYEKIKISGVNGRFKGAETDGLYYLGGNYQFNPALKLTAFYMDVDDLYNQTMVGALHQYKINDTTNFSSQLRYYRSRDDGQAKAGLVDNDLYHAHFELKHQNHKFIFGTFQHHGDTAFPYLTGGETGLLIDTWPGEFLNPKEKAYSFRYEYDFKEYVPGLCFMTRYTTGHNIYAPNLGGTNLKERETDFDLGYTVQSGWLKNLGLRARYAIYDNNMLSTANIKPVNETRINIDYTWKFK,398
e5dl7A1,18,IADSKAELTLRNFYFDRDYKKDPYPYTAARDWAQGLIFKGQSGYTEGTVGFGVDVLAMAGFNLMGSRADDYARSGLLPVNTDNSRDDYYGKIGITGKAKFRKNELFVGDLVPQLPTIFSSPARLFPQTYRGIRFVSNEIPNLQLEGFYVDEVRQRDSIRYTDVGTDNINHRFNKAATTDSFYTLGGSYQLKDYRLRAYHAELKDIYQQQFLGFNGKQPLNDQLNFLSDVRFFNSEETGSKKIGEVDNRHISGLFGLNYQNHTVSLGYMQSFGSTGLPFLSGTESPVVLDFMSSDYSNKDEKVYSIRYEYDFKNARIGDVSLNGLRFMTRYAKGEDIDLLQYGDQRFKEDSLEFDLGYKIPEGKLKGLGMRARFSHYRNDMPTNMTFHSANETRLNVDYTFKF,402
e5dl8A1,18,NPNQQTEDEWKFTLKNAYINRDFDNDALKDTGSWSQAASLFYKSKMHDTPLVIADKPITIGADASVQYAVRLSSDDYLKYGATLKLGYDKTLLSVGELWLDLPVTAVDASRQLLTSYWGTNLKSQLSDQLYAEIGRVEKVSPRNEEDFKKFSFTANGITKESDGLNYIDLRYQFTPSLKGEYYFGNLEDLYNKHYVGLEHTWKQPTFALTSKFKYFNAKDDGNTFDIDAENIGLLETVKVKNHTFGLGYQQIIGESAYPLPDGFLPETYFINWNATGFFKEDEKSYHVMYGYDFKDYIPGLNAMVKYVYGHDFKAANGEKNHETESNVILNYAFQQPLLKGFALQYIRIDYNVKHGNDFGEDRLFVNYTKKF,372
e5fokA1,22,KQDNFTDAGFTWGSDQTRRTTLDVNRMIGDNAAFRLNLMKHDAHVAGRDEVSVSRWGVAPTVTFGFDTPTRATLSYYHLSTDDMPDYGLPLTNVNRSKANPSKPASVDRDNFYGLKDRDYRKSTTDSGTFRIEHDLNDNLTLSNSTRLVRTTLDYIVSNPDDSRGNVANGYVYRSAKSRNSTSKGWVNQTDLKANFETGFIKHTLVTGLEFSYEDVHNRPYAITSGGGAGNTCNARLLASGDCTSLNRPTPGDNWTGSITDGLAYTDTDTKTSAAYVFDTLKLSEQWELNLGLRYDDFDTKSSGYQTAGRNGPAGYFKRENNSHFWNYQTGLVYKPAPNGSIYLAWSTSSNPRNRNLELGTKWAFFDDALSLNAALFRTDKTNARVASPDVSTLQVLDGEQRVQGVELGFNGKLTEKWKVFGGYTYLDSEIRKSTVKSDEGNKMPQTAQNNFTLWTTYDLLQNFTIGGGTTYVDKQYGNTANSTYIPSYWRYDAMASYKVSKNVDLQLNVQNLTDKRYFDQVYSTHMAHVAPGRTALLGVNFHF,544
e5fp1A1,22,KKGDFLEGSVAAGTDNYQRITLDGNKDFGNGIAARVAVLGHQNEKAGQSNGAEYKRVGIAPSITFGLDTPTRATLSYYYLQTDDKPDSGIPYWDSSLGKAQGKPAEVKQGTYYGWKDRDFQKQENHIGTIKLEHDLTDNITITNTAMYAKSKNDYVWTNPDDSKGNVGKGLVWHRLNSAITDSETFTDQLALTGKFDTGFLKHRFNVGAEYSKQKTDKGGYNIIDAKGNVSSTGFYSDCSDLSTNWCTSLNGPTQKPFVDRLQARPDFDATVESTSVYLLDNIEITPKWLLDLGLRWDKFEAEQNFLATSSAAAYTAKNNSDFVTYQAGITFKPTENGSIYTSYATSASPVGLNAGWGDNSETINANNQMIDPEEAQTFEIGTKWDFLDNHLNLTAAIFRTEKQNTRVQIDPTTYANVGESKVDGFELGLNGEITDKWNISAGYTYLDSELTKNGKSCRSGKCTDQSIYNGNQMPNVPKQAATLWTTYKVLPQLTVGAGAVYSDKVYGDVANTKWVPSYVRYDAMARYNVNKNVDLQLNINNLSDKRYFTKAYASHYATEAEGRSAVLAVNFKY,574
e5fq8B2,22,RKEKGVGIEYNGGVQWSTVLRLPEFQNEFGMGWNGNHTELENGSWGPRFDGSMQLWGNVYNNSQKLKPYVAMPDNIKDFFDAGFRYSNSLSFNGATDKSDYYVSFSQISDDGMIPTDADSYDKYTFSARGSHKAGALTFSSSLNYAYQKNNFATTGQGLSMLNSLYQTPRDISIIGLEDQNDPFNTPGYYYTPYGVMNPYYILNNYLNEYESERFYGKFQLDYEFLKYFKFTYRMGLDTTTGQSDKGKPNLYALYYEGTPNGEGQGSSSPFSGETGQYSEQITRRREINQDIMVNFNMPVNDFNINALVGFNGNERKVSYQYSEVNDLTIPTWFNLKNSGKTPIVEQHMELRRLMGVFGQFEGSWKNMLYLTVTARNDWSSTLPKENRSFFYPGITGSFIFSELLNDNLQDVITFGKIRASWGKTGNDADVYMVNPVYAQSSNRIPFGSLTFPLGGVNAYSAGNVLGSNTLSPEMTTESEVGLNMAFFKNRLSFDVSYYNRNTDKQIFSLAMDPASGYTAQNMNLGKIRNRGIELLISGTPIRTKDFSWELTWNFTKNWSKVISLPEELGGITTIYGLNGGTSMYAITGMPVGVFKAQVAERDPQGRIVVNSSTGLPVEASEFGICGDMNNKYQMGVSTNLKYKGISLGIDFDIRQGGVMYSRTKDINYFTGNAIQTAYNDRNPLIVPNSVNKIVNGENVTYVENTTPITSSNIYKYWGDGGSDMGSCFLVDKSYVKLRSVVLGWDLPKRWLAKTPFQAVKVSAYGNNLFVWTPSSNTFIDPEMTSFGNDLEGNYGEYTANPSSRRFGFNLMVKF,815
e5fr8A2,22,TNETHGSVEFYTSQPEDSKEGSSNRVGFNVSGPLIKDVLSYRLYGNYNKTEADDVDINKSIGSTAAGREGVKNKDISGRLAWQATDQQTVLLDISSSKQGNIYSGDSQLNANAEADAILSQLIGKETNTMYRDSYALTHEGDWSWGKSKLVAQYDKTHNKRLPEGLAGSVEGKINNLDDKATSRLETLRFNGEANIPFEYYLPQVLTVGTEWVEDRFKDNVSTTQGKDSSGSGYGDQLAKGDRSKMESRIASAYIEDNLKVTDSTDVVLGLRFDDHSKSGSNWSPSLNITQKLNDYFTLKGGVAKAYKAPNMYQNAEGYLLSTNGNGCPANIESRCLLQGNGDLKPETSVNKELGIQFQKDIVNASLTWFRNDYKDKIVAGTHVVGTVDGSSTNANTGAVTNTKWNILRWENTPKALIQGFEGSLGLDFGDIRWTNNFTYMMDSKDKQTGNPLSLVPIYTINSIFDYDITDQLDVNFVFTQYGRQKSRQFAENRLESGIGSGGANSALKPSTVKSYSTAGINVGYKFSDQISTRVGVSNLFDKQILRDSNSISQTYNEPGRAYYASLKYSF,571
e5fvnA1,16,AEIYNKDGNKLDLYGKVDGLHYFSDDDSQDGDQTYMRLGFKGETQVNDQLTGYGQWEYQIQGNSGENENNSWTRVAFAGLKFGDAGSFDYGRNYGVVYDVTSWTDVLPEFGGDTYGSDNFMQQRGNGFATYRNSDFFGLVDGLNFAVQYQGKNGSASGEDQTNNGRTELRQNGDGVGGSITYNLGEGFGIGTAVSSSKRTSSQNDLTYGNGDRAETYTGGLKYDANNIYLAAQYTQTYNATRVGNLGWANKAQNFEVVAQYQFDFGLRPSVAYLQSKGKDLENGYGDQDLLKYVDVGATYYFNKNMSTYVDYKINLLDDKEFTRNAGISTDDIVALGLVYQF,342
e5ivaA1,26,IDDRRQSGFLPPSFSSTSDTGFTLVTPYYFNLAPNYDATLYPRYMAKRGMMLEGEFRYLTHSSEGIVNAAYLNDKDDHREGFPDYSKDRWLYGLKNTTGLDSRWLAEVDYTRISDPYYFQDLDTDLGVGSTTYVNQRGTLTYRGDTFTGRLNAQAYQLATTTDVTPYDRLPQITFDGFLPYNPGGMQFTYGTEFVRFDRDLDENIYFNDDGSIRGKRPDASLQGLARATGDRMHLEPGMSLPMTRSWGYVTPTLKYLYTKYDLDLDSQGKTDLNKRDESFDSNQDRSLPLVKVDSGLYFDRDTTFAGTPFRQTLEPRAMYLYVPYKDQDSLPVFDTSEPSFSYDSLWRENRFTGKDRIGDANQLSLGVTSRFIEENGFERASISAGQIYYFRDRRVQLPGLTEKDLKRLNLDPSGLDNDSWRSPYAFAGQYRFNRDWRINSDFNWNPNTSRTESGSAIFHYQPEVDPGKVVNVGYRYRADARRFDSSRGTFRYGNENDIIKQHDFSVIWPLVPQWSVLARWQYDYNKNRTLEAFGGFEYDSCCWKLRLINRYWLDVDDDAFLVQSEKADRGIFLQIVLK,579
e5ldvA1,18,GAMGPLEEAIKDVDVSGVLRYRYDTGNFDKNFLNNSNLNNSKQDHKYRAQVNFSAAIADNFKAFVQFDYNAVDGGTGVDNATNAEKGLFVRQLYLTYTNEDVATSVIAGKQQLNIIWTDNGVDGLVGTGVKVVNNSIDGLTLAAFAVDSFMAAEQGSDLLGQSTYVGNGKNNNDSFKLDSIGNLYGAAAVGSYDLAGGQFNPQLWLAYWDQVAFFYAVDAAYSTTIFDGINWTLEGAYLGNSLDSELDDKKTYANGNLFALKGSIEVNGWDASLGGLYYGDKEKASTVVIEDQGNLGSLLAGEEIFYTTGSRLNGDTGRNIFGYVTGGYTFNETVRVGADFVYGGTKTEATTHLGGGKKLEAVARVDYKYSPKLNFSAFYSYVNLDQGVNTNESADHSTVRLQALYKF,408
e5m9bA1,22,GAETHGNLSVYSNFPQHKAEGASERMSFGLNGPLTENLSYRVYGNIAKTDSDDWDINAGHESNRTGKQAGTLPAGREGVRNKDIDGLLSWRLTPEQTLEFEAGFSRQGNIYTGDTQNTNSNNYVKQMLGHETNRMYRETYSVTHRGEWDFGSSLAYLQYEKTRNSRINEGLAGGTEGIFDPNNAGFYTATLRDLTAHGEVNLPLHLGYEQTLTLGSEWTEQKLDDPSSNTQNTEEGGSIPGLAGKNRSSSSSARIFSLFAEDNIELMPGTMLTPGLRWDHHDIVGDNWSPSLNLSHALTERVTLKAGIARAYKAPNLYQLNPDYLLYSRGQGCYGQSTSCYLRGNDGLKAETSVNKELGIEYSHDGLVAGLTYFRNDYKNKIESGLSPVDHASGGKGDYANAAIYQWENVPKAVVEGLEGTLTLPLADGLKWSNNLTYMLQSKNKETGDVLSVTPRYTLNSMLDWQATDDLSLQATVTWYGKQKPKKYDYHGDRVTGSANDQLSPYAIAGLGGTYRLSKNLSLGAGVDNLFDKRLFRAGNAQGVVGIDGAGAATYNEPGRTFYTSLTASF,570
e5mdoA1,16,EYLTKDSFSYEVYGIIAMQAAYRDYDSGDAKQDDNLGGMQLNNESRIGFRGKKQFANFEPTFIWQIEGGYVDPSFGGEGAGLGERDTFVGFESASWGQVRLGRVLTPMYELVDWPASNPGLGDVYDWGGAIGGAKYQDRQSNTIRWDSPMYADKFSIDAAVGAGDKAGLGAGDDYWGGIAAHYKLGPLQLDAAYEGNRNIEAEGQTWENNTYLVGVQGWFENGISFFAQYKYMEADASNGVNEKQDAMSAGLMYTTGDWQYKLGYAANFDLERDGKTLSNTSDDVVSAQIMYFVDPSAVLYARARMNDFNEGLDGLDDAARWTSGTNGDYNEYSVGVEYYF,341
e5o65A1,12,PAQSVSNLYNEASGFFGNGKFSFETGITYARYDDRIKADNWTLDLTGRYNLDNRWQFDVNVPVVYRESTYQSGGASGGDPQATSEESVSRDPTIGDVNFGIAYKFLDESATMPDAVVSVRVKAPTGKEPFGIKLVRSTANDNLYVPESLPTGNGVWSITPGLSXVKTFDPAVLFGSVSYTHNLEDSFDDISSDVNQKVGGKVRLGDSFQFGVGVAFALNERMSMSFSVSDLIQRKSKLKPDGGGWQSIVSSDANAGYFNVGMTIAASENLTIVPNLAIGMTDDAPDFTFSLKFPYYF,297
e5o8oA1,19,IYSSLSDAFNAFQERRKQFGLSNPGTIETIAREVQRDTLLTNYMFSGLRADVTKAFSLAPLFQVSHQFAMGERLNPYAFAALYGTNQIFAQGNLDNEGALSTRFNYRWGDRTITKTQFSIGGGQDMAQFEHEHLGDDFSASLKAINPSFLDGGLTGIFVGDYLQAVTPRLGLGLQAVWQRQGLTQGPDTAISYFARYKAGDWVASAQLQAQGALNTSFWKKLTDRVQAGVDMTLSVAPSQSMMGGLTKEGITTFGAKYDFRMSTFRAQIDSKGKLSCLLEKRLGAAPVTLTFAADVDHVTQQAKLGMSVSIEASDVDLQEQQEGAQSLNIPF,332
e5t3rD1,22,QIKINFDASVSASMYQSKMNVLNTEQYGRAMWQAYVNDGENPNGNALGYAYNWGYNADGNPVLYGMTLSKYLDSKNTMPVADTDWFDEITRTGVIQQYNLSVSNGSEKGSSFFSLGYYKNLGVIKDTDFDRFSARMNSDYKLIDDILTIGQHFTLNRTSEVQAPGGIIETALDIPSAIPVYASDGSWGGPVGGWPDRRNPRAVLEYNKDNRYTYWRMFGDAYVNLTPFKGFNLRSTFGLDYANKQARYFTYPYQEGTQTNNGKSAVEAKQEHWTKWMWNAIATYQLEVGKHRGDVMIGMELNREDDSHFSGYKEDFSILTPDYMWPDAGSGTAQAYGAGEGYSLVSFFGKMNYSYADRYLLSLTLRRDGSSRFGKNHRYATFPSVSLGWRITQENFMKELTWLDDLKLRASWGQTGNQEISNLARYTIYAPNYGTTDSFGGQSYGTAYDITGSNGGGVLPSGFKRNQIGNDNIKWETTTQTNVGIDFSLFKQSLYGSLEYYYKKATDILTEMAGVGVLGEGGSRWINSGAMKNQGFEFNLGYRNKTAFGLTYDLNGNISTYRNEILELPETVAANGKFGGNGVKSVVGHTYGAQVGYIADGIFKSQDEVDNHATQEGAAVGRIRYRDIDHNGVIDERDQNWIYDPTPSFSYGLNIYLEYKNFDLTMFWQGVQGVDIISDVKKKSDFWSASNVGFLNKGTRLLNAWSPTNPNSDIPALTRSDTNNEQRVSTYFVENGSFLKLRNIQLGYTVPAVISKKMRMDRLRFYCSAQNLLTIKSKNFTGEDPENPNFSYPIPVNITFGLNIGF,806
e6bpmA1,22,RNDSGIDASASIGSAWFRRGTLDVNQVIGDTTAVRLNVMGEKTHDAGRDKVKNERYGVAPSVAFGLGTANRLYLNYLHVTQHNTPDGGIPTIGLPGYSAPSAGTAALNHSGKVDTHNFYGTDSDYDDSTTDTATMRFEHDINDNTTIRNTTRWSRVKQDYLMTAIMGGASNITQPTSDVNSWTWSRTANTKDVSNKILTNQTNLTSTFYTGSIGHDVSTGVEFTRETQTNYGVNPVTLPAVNIYHPDSSIHPGGLTRNGANANGQTDTFAIYAFDTLQITRDFELNGGIRLDNYHTEYDSATACGGSGRGAITCPTGVAKGSPVTTVDTAKSGNLMNWKAGALYHLTENGNVYINYAVSQQPPGGNNFALAQSGSGNSANRTDFKPQKANTSEIGTKWQVLDKRLLLTAALFRTDIENEVEQNDDGTYSQYGKKRVEGYEISVAGNITPAWQVIGGYTQQKATIKNGKDVAQDGSSSLPYTPEHAFTLWSQYQATDDISVGAGARYIGSMHKGSDGAVGTPAFTEGYWVADAKLGYRVNRNLDFQLNVYNLFDTDYVASINKSGYRYHPGEPRTFLLTANMHF,583
e6e4vA1,22,NDYSVTSTREFKGDVSAEYGSWNKERYVADLQSPLTEDGKIRARIVGGYQNNDSWLDRYNSEKTFFSGIVDADLGDLTTLSAGYEYQRIDVNSPTWGGLPRWNTDGSSNSYDRARSTAPDWAYNDKEINKVFMTLKQQFADTWQATLNATHSEVEFDSKMMYVDAYVNKADGMLVGPYSNYGPGFDYVGGTGWNSGKRKVDALDLFADGSYELFGRQHNLMFGGSYSKQNNRYFSSWANIFPDEIGSFYNFNGNFPQTDWSPQSLAQDDTTHMKSLYAATRVTLADPLHLILGARYTNWRVDTLTYSMEKNHTTPYAGLVFDINDNWSTYASYTSIFQPQNDRDSSGKYLAPITGNNYELGLKSDWMNSRLTTTLAIFRIEQDNVAQSTGTPIPGSNGETAYKAVDGTVSKGVEFELNGAITDNWQLTFGATRYIAEDNEGNAVNPNLPRTTVKMFTSYRLPVMPELTVGGGVNWQNRVYTDTVTPYGTFRAEQGSYALVDLFTRYQVTKNFSLQGNVNNLFDKTYDTNVEGSIVYGTPRNFSITGTYQF,550
e6ehbA1,16,DGINQSGDKAGSTVYSAKGTSLEVGGRAEARLSLKDGKAQDNSRVRLNFLGKAEINDSLYGVGFYEGEFTTNDQGKNASNNSLDNRYTYAGIGGTYGEVTYGKNDGALGVITDFTDIMSYHGNTAAEKIAVADRVDNMLAYKGQFGDLGVKASYRFADRNAVDAMGNVVTETNAAKYSDNGEDGYSLSAIYTFGDTGFNVGAGYADQDDQNEYMLAASYRMENLYFAGLFTDGELAKDVDYTGYELAAGYKLGQAAFTATYNNAETAKKTSADNFAIDATYYFKPNFRSYISYQFNLLDSDKASKVASEDELAIGLRYDF,320
e6ehdA1,16,AEILKSDAGTVDFYGQLRTELKFLEDKDPTIGSGSSRAGVDANYTVNDSLALQGKVEFALKDSGDMYVRNHILGVKTNFGKFSFGKQWTTSDDVYGADYSYFFGGTGLRYGTLSDALHDSQVKYVYEADSFWVKAGYGFPEDNAKQELAELYVGATFGDLAVHAGGGQNRDKAFKVGSNTVGTTTTDIKADVTNSYFEVTGEYTIGDALIGVTYYNAELDVENNPLVIDEDAISVAGTYKVADKTKLYAGYEYVMQEANTGADEDGTLVYLGVEYKFASWARVYAEYGYGDGTTLGYTNKGSDAEVKATKVDSANNFGIGARYYW,325
e6eusA1,16,LAGFKSKAGADVNLYGFVRGDANYIIEGADNDFGDVSKSDGKTHDKLRATAKTTRLGLDFNTPVGDDKVGGKIEVDFAGSTTDSNGSLRIRHAYLTYNNWLFGQTTSNFLSNHAPEMIDFSTNIGGGTKRVPQVRYNYKLGPTTQLFVSAEKGDSTTSVTGDSIKYSLPALTAKITQGYAEGRGSASARVLVENYKSQLADDDKTGWGVAVGTDFKVSDPXKXFADASYVVGDNSYLYGSNSPYAVDGNSIEQNEFVAVQVGGTYKILPNLRSTLAYGAQFSDDGTDYARLNASANEKVQQAWINFIYTPVKPIDLGVEYVNGKRDTFDGKSYKDNRVGLMAKYSF,346
e6fokA1,22,FGELGSRVNASLLAGSNGRFDKVLDAAAGNRLGYLRFTGNHAQSDDYEDGAGNTVPSRWKKWNGDVAVGWTPDEDTLIELTAGKGDGEARYAGRGMDGSQFKRESLGLRFVKSNVSDVLEKVEAQVYYNYADHIMDNFRLRTPDPSSMMPMPMASQVDRRTLGGRLAATWRWDDFKLVTGVDAMRNEHRARGSKYDMMTDYYTDADQFPWSKDAVFHNYGAFGELTWFAAERDRLIGGLRLDRASVKDYRQTLKSGHMGHAMANPTANDTRADTLPSGFVRYEHDLADSPTTLYAGLGHAERFPDYWELFSPKRGPNGSVNAFDKIKPEKTTQLDFGLQYNGDKLQAWASGYVGVVQDFILFSYREGMMGSSTQATNVDARIMGGELGASYQLTGNWKTDASLAYAWGKNSSDDRALPQIPPLEARFGLTYEEGDWSAGSLWRVVAPQNRIARDQGNVVGKDFDKSAGFGVFSLNGAYRVTRNVKLSAGVDNLFDKDYTEHLNKAGDAGFGFSANETVPEPGRTFWTKVDFSF,533
e6gieA1,14,QGLEYQFEVQGQSEYVDTTANDKNFTGTAQGTYYFKNVDASKGPLAEAAFLNQASNVSVAYNYIKYDEKDTVNVESHTYGVKGEAYLPTPYLPVYASASYNHTINDFKDGVSDDNGDRYALEAGAMLLPNFLVAVGYTSVVTARTKYVGNIDGTNMAIGFEAFGVFAEDNAYGMKTDLFVTPKLSVGASFADVSAFNSGYDHVWGGHTQYFITPAVAVGADFVKANAKDGNPRDTQTIGLNAKFRF,246
e6h3iF1,14,DIERPITTGVPFLLVAADARAAGLGDQGVATSSDVFSQQWNPAKYAFAEDAQGLSISYTPYLTDLANDISLGQVTYYNKINDRSAFAGSFRYFGFGGIELRQTGDPNEPTREVNPNEFALDGSYSLKLSETFSMAVAARYIRSNLKVATEEIDASAAGSFAVDVAGFYQSEEIAYSDFNGRWRAGFNIQNLGPKISYDHDDLSANFLPANLRVGGGFDFIFDDYNKLGVSLELTKKDIGWVSGIFKSFGDAPGGFSEELKEITYSAAAEYMYQDAFAMRLGYYHESPMKGAKQFFSLGAGFKYSMIKVDVSYLFSASKVKNPLENTLRFSLTFNFGDKYETY,342
e6h7fA1,22,ADEPFARLTTTYMSDAQFGGHVDVGRRFGENKEFGVRINGMYRDGDAAVNDQSKESRLFSLGLDWQGENARVFVDAYDALDHVDGVTRGVNVSTAVGIPKPPKADTLLSPDWGSVETKDKGAMIRGEYDFSDQLMAYAAYGQSTTEYKYNGASAGTITSSTGTLSSTLGQLAFDVDKKSADAGFKGKFETGSVKHQWVANATYYNHTQDDYGYRIIPGFSDPVITNIYDPNPNWGPKPEFTPPFLFHSTLSTSSFGLADTLSFAQDKVQLTLGLRHQTVKATSSVNTLPENAKSATTPGVALLIKATDKISVYANYIEGLTKGDQAPATASNPGEIFPPQKTKQQELGLKVDLGTFAHTLSAFEITKPSSYLDPSKLVNNLPTFVSDGEQRNRGIEWSFFGSPIEHVRLMGGFTYLDPELTKTKSGGNDGHTAVAVPKNQAKLGAEWDTQVAQGTLTLSGNINAVSKQYINAENTLSVPGRTLLDVGARYSTKVEDHPVTFRANIYNLTNKAYWAQPQLTNLALGAPRTYMLSVSYDF,538
e6i96A1,22,LYEDYRQITGSIGNMGQKEMGFDFSGPLDEEKRIAYRLIGLGKGSDTQFDHVKEERYAIAPTLAIDFSDDTTLTLQGYLQHDPNGGYHGGVPADGTLSHHNGRHISREFFDGEPSKDDFDRTQRMFGYQLEHRIDDVWSARQNFRYLDSDVDLSQVYAYGWSASEPNKLNRYFSGAREHLQAYIVDNMLQAEFATGAARHTLLTGLDYQRRRTVVDWRSGSASALDAFNPVYGDDAISYFPDDNHTRRLEQTGVYLQDLIDIDQWRFSLGLRQDWVSVTDKNRSTGSKADDDWEKFTGRIGALYLFDNGLAPYVSYSESFNPNAYSDASGTPLAPTEGKQWELGLKFQAPGSNSFYTASLFHITQENVASKEPQDNFYTSVGEVRSQGLELEAHTQLSDNLKLLGSYTYTDITYTKSLDGNQGHTPNQAPKHMASLWADYAFDAGPLSGLSIGGGARYVGETWADKENTLRVPDYTLVDARIGYDLGKLGLKGLDVSLNANNLLDKDYVASCYSLDFCYFGEKRNVTATVNYQF,534
e6qwrA1,8,MNENYPAKSAGYNQGDWVASFNFSKVYVGEELGDLNVGGGALPNADVSIGNDTTLTFDIAYFVSSNIAVDFFVGVPARAKFQGEKSISSLGRVSEVDYGPAILSLQYHYDSFERLYPYVGVGVGRVLFFDKTDGALSSFDIKDKWAPAFQVGLRYDLGNSWMLNSDVRYIPFKTDVTGTLGPVPVSTKIEVDPFILSLGASYVFKLAAALE,211
e6r2qB1,26,VETGTSGTVGVGVGYNSEEDIRSANAFGTSNEVAGKLDADVTFRGEKGYRASVEAYQLGMDGGRLEVNAGKQGQYNVNVNYRQIATYNSNSALTPYSGVGSDNLTLPDNWVTAGSSSQMPLLMDSLNSLELSLKRERTGLGFDYQGESLWSTHVSYMREEKTGLKKASGGFFNQSMMLAEPVDYTTDSIEAGIKLKGDNWFTALNYNGSIFKNEYNQLNFDSAFNPTFGAQTSGSIALDPDNQSHTVSLMGQYNDSTNVLSARLLTGQMSQDQALVTSGYGYQVPTEALDAKVDLIGLNLKVVSKVTNSLRLSGSYDYNDRDNNTQIEEWTQVSINNVNGKVAYNTPYDNTSQRFKVAADYRITRGMKLDGGYDFRRDERNYQDRETTDENTVWARFRVNSFETWDMWVKGSYGQRDGSEYQASEWTSSETNSLLRKYNLANRDRTQVEARVTHSPIESLTIDFGARYALDDYTDTVIGLTESKDTSYDANISYMITDDLLANAFYNYQIIESEQAGSSNYSTPTWTGFIEDKVDVVGAGISYNNLLENKLRMGLDYTYSDSNSNTQVRQGITGDYGDYFAKVHNINLYAQYQATEKMALRFDYKIENYKDNDAANDIAVNGIWNVVGFGDNSHDYTAQMIMLSMSYKI,649
e6sljA1,22,KMSERGRITFNASYGISQILNTKPLDNMMTGDELLDFQVKAGFWGNNQTVQKVKDMILAGAEDLYGNYDSLKDEYGKTLFPVDFNHDADWLKALFKTAPTSQGDISFSGGSQGTSYYASIGYFDQEGMAREPANFKRYSGRLNFESRINEWLKVGANLSGAIANRRSADYFGKYYMGSGTFGVLTMPRYYNPFDVNGDLADVYYMYGATRPSMTEPYFAKMRPFSSESHQANVNGFAQITPIKGLTLKAQAGVDITNTRTSSKRMPNNPYDSTPLGERRERAYRDVSKSFTNTAEYKFSIDEKHDLTALMGHEYIEYEGDVIGASSKGFESDKLMLLSQGKTGNSLSLPEHRVAEYAYLSFFSRFNYGFDKWMYIDFSVRNDQSSRFGSNNRSAWFYSVGGMFDIYNKFIQESNWLSDLRLKMSYGTTGNSEIGNYNHQALVTVNNYTEDAMGLSISTAGNPDLSWEKQSQFNFGLAAGAFNNRLSAEVDFYVRTTNDMLIDVPMPYISGFFSQYQNVGSMKNTGVDLSLKGTIYQNKDWNVYASANFNYNRQEITKLFFGLNKYMLPNTGTIWEIGYPNSFYMAEYAGIDKKTGKQLWYVPGQVDADGNKVTTSQYSADLETRIDKSVTPPITGGFSLGASWKGLSLDADFAYIVGKWMINNDRYFTENGGGLMQLNKDKMLLNAWTEDNKETDVPKLGQSPQFDTHLLENASFLRLKNLKLTYVLPNSLFAGQNVIGGARVYLMARNLLTVTKYKGFDPE,762
e6ucuA1,19,HSHRQSLELVNPGTVENLNKEVSRDVFLSQYFFTGLRADLNKAFSMNPAFQTSHTFSIGSQALPKYAFSALFANDNLFAQGNIDNDLSVSGRLNYGWDKKNISKVNLQISDGQPTMCQLEQDYQASDFSVNVKTLNPSFSEKGEFTGVAVASFLQSVTPQLALGLETLYSRTDGSAPGDAGVSYLTRYVSKKQDWIFSGQLQANGALIASLWRKVAQNVEAGIETTLQAGMVPITDPLMGTPIGIQPTVEGSTTIGAKYEYRQSVYRGTLDSNGKVACFLERKVLPTLSVLFCGEIDHFKNDTKIGCGLQFETAGNQELLMLQQG,325
e6v81A2,22,ELDTPAAVSVVDGEEMRLATPRINGQQPPTIEASSYYGSFGSWRYGLKATGATGDGTQPGDVDYTVSTTRFTTHGYRDHSGAQKNLANAKLGVRIDEASKLSLIFNSVDIKADDPGGLTKAEWKANPQQAPRAEQYDTRKTIKQTQAGLRYERSLSSRDDMSVMMYAGERETTQYQSIPMAPQLNPSHAGGVITLQRHYQGIDSRWTHRGELGVPVTFTTGLNYENMSENRKGYNNFRLNSGMPEYGQKGELRRDERNLMWNIDPYLQTQWQLSEKLSLDAGVRYSSVWFDSNDHYVTPGNGDDSGDASYHKWLPAGSLKYAMTDAWNIYLAAGRGFETPTINELSYRADGQSGMNLGLKPSTNDTIEIGSKTRIGDGLLSLALFQTDTDDEIVVDSSSGGRTTYKNAGKTRRQGAELAWDQRFAGDFRVNASWTWLDATYRSNVCNEQDCNGNRMPGIARNMGFASIGYVPEDGWYAGTEARYMGDIMADDENTAKAPSYTLVGLFTGYKYNYHNLTVDLFGRVDNLFDKEYVGSVIVNESNGRYYEPSPGRNYGVGMNIAWRF,565
